fase,modelo,perfil,semilla,etiqueta,umbral,n,prevalencia_real,TP,TN,FP,FN,accuracy,precision,recall,f1,f2,roc_auc,pr_auc,balanced_accuracy,specificity,fpr,fnr,mcc,brier,fold,valido,motivo,umbral_op,bloques_train,bloques_val,bloques_compartidos,lagos_val,train_hasta,test_fecha,prevalencia_inestable,experimento,train,test,ejecutable,prevalencia_train,prevalencia_test,scale_pos_weight
random,random_forest,standard,42.0,umbral_0.5,0.5,1126953,0.0160113154674596,17401,1105959,2950,643,0.9968117570120492,0.8550439781828902,0.9643648858346264,0.9064201067847376,0.9403201227749738,0.9995691921806528,0.981435854681458,0.9808523067203844,0.9973397276061426,0.0026602723938573,0.0356351141653735,0.9064992731966672,0.00233795787894,,,,,,,,,,,,,,,,,,
random,random_forest,standard,42.0,umbral_operacional,0.940773059746188,1126953,0.0160113154674596,14578,1108671,238,3466,0.99671326133388,0.9839362850971922,0.8079139880292618,0.8872793670115642,0.8378931395990435,0.9995691921806528,0.981435854681458,0.9038496813316244,0.9997853746339872,0.0002146253660129,0.1920860119707381,0.8900603895946319,0.00233795787894,,,,,,,,,,,,,,,,,,
random,xgboost,standard,42.0,umbral_0.5,0.5,1126953,0.0160113154674596,17836,1102978,5931,208,0.9945525678533178,0.7504523078217696,0.9884726224783862,0.8531726100786874,0.9295102300324152,0.9996567133472324,0.9825686536789764,0.9915620611429272,0.9946514998074684,0.0053485001925315,0.0115273775216138,0.8588378214128456,0.0042857923544943,,,,,,,,,,,,,,,,,,
random,xgboost,standard,42.0,umbral_operacional,0.9964532852172852,1126953,0.0160113154674596,14526,1108699,210,3518,0.9966919649710324,0.9857491856677524,0.8050321436488583,0.8862721171446004,0.8356728645066274,0.9996567133472324,0.9825686536789764,0.9024213841629528,0.9998106246770474,0.0001893753229525,0.1949678563511416,0.8892847373530468,0.0042857923544943,,,,,,,,,,,,,,,,,,
random,logistic,standard,42.0,umbral_0.5,0.5,1126953,0.0160113154674596,17949,1088490,20419,95,0.9817969338561592,0.4678117180984153,0.9947350919973398,0.6363539672410126,0.8118486756404689,0.9979206241049312,0.913536640460088,0.9881607490477928,0.981586406098246,0.0184135939017538,0.0052649080026601,0.6757584143704674,0.0140570197254419,,,,,,,,,,,,,,,,,,
random,logistic,standard,42.0,umbral_operacional,0.9722217321395874,1126953,0.0160113154674596,14456,1107035,1874,3588,0.9951533027553056,0.885241886099204,0.8011527377521613,0.8411008320242044,0.8166677965335684,0.9979206241049312,0.913536640460088,0.8997313942208114,0.9983100506894614,0.0016899493105385,0.1988472622478386,0.8397232799341439,0.0140570197254419,,,,,,,,,,,,,,,,,,
spatial,random_forest,standard,,fold1,0.9503766666773948,751226,0.0157822013615077,8932,739230,140,2924,0.995921333926142,0.984567901234568,0.7533738191632928,0.8535932721712538,0.7904984423676013,0.9993312313961278,0.9728426912327642,0.8765922343851954,0.999810649607098,0.000189350392902,0.2466261808367071,0.8594147967671232,0.0025423818661259,1.0,True,,0.9503766666773948,267.0,41.0,0.0,"Amatitlan,Atitlan",,,,,,,,,,
spatial,xgboost,standard,,fold1,0.9963706731796264,751226,0.0157822013615077,9353,739192,178,2503,0.9964311671853744,0.9813241003042704,0.7888832658569501,0.8746434750081825,0.8210868229303836,0.9994888876379912,0.9750017985618028,0.8943212601787016,0.9997592545004532,0.0002407454995469,0.2111167341430499,0.8782098142444377,0.0043511502444744,1.0,True,,0.9963706731796264,267.0,41.0,0.0,"Amatitlan,Atitlan",,,,,,,,,,
spatial,random_forest,standard,,fold2,0.9503972619470776,751885,0.016840341275594,8980,739003,220,3682,0.994810376586845,0.9760869565217392,0.7092086558205655,0.8215167871192023,0.7502339259457291,0.999294791223827,0.9677164366553358,0.8544555230164956,0.9997023902124258,0.0002976097875742,0.2907913441794345,0.8297254160684626,0.0031476525124478,2.0,True,,0.9503972619470776,249.0,59.0,0.0,"Amatitlan,Atitlan",,,,,,,,,,
spatial,xgboost,standard,,fold2,0.9968337416648864,751885,0.016840341275594,9176,739083,140,3486,0.9951774539989492,0.9849720910261917,0.724688042963197,0.835016835016835,0.7651257421119338,0.9994033935720448,0.9723972297551882,0.8622493274582794,0.9998106119533618,0.0001893880466381,0.275311957036803,0.8427394535400725,0.0054137548431754,2.0,True,,0.9968337416648864,249.0,59.0,0.0,"Amatitlan,Atitlan",,,,,,,,,,
spatial,random_forest,standard,,fold3,0.9269418408582591,751054,0.0157072593981258,10571,739195,62,1226,0.9982850767055363,0.9941690962099126,0.8960752733745868,0.9425769059295588,0.9141142491482334,0.9998889485892424,0.993916398818312,0.947995702691403,0.999916132008219,8.386799178093681e-05,0.1039247266254132,0.9430182235418946,0.0012731518175541,3.0,True,,0.9269418408582591,234.0,74.0,0.0,"Amatitlan,Atitlan",,,,,,,,,,
spatial,xgboost,standard,,fold3,0.995554506778717,751054,0.0157072593981258,10583,739179,78,1214,0.998279750856796,0.9926836131694964,0.8970924811392726,0.9424703891708968,0.9147089837335132,0.9998722469205884,0.9933948501224872,0.948493484897387,0.9998944886555016,0.0001055113444985,0.1029075188607273,0.9428433081629374,0.0023039253428578,3.0,True,,0.995554506778717,234.0,74.0,0.0,"Amatitlan,Atitlan",,,,,,,,,,
spatial,random_forest,standard,,fold4,0.958591016956443,751109,0.0157793342910283,7501,739125,132,4351,0.9940314921003476,0.982706668413468,0.6328889638879514,0.7699255837823967,0.6814011373339874,0.9992156433201878,0.9614618212898096,0.8163552031140153,0.9998214423400792,0.0001785576599207,0.3671110361120486,0.7861717129326302,0.0029760642003527,4.0,True,,0.958591016956443,240.0,68.0,0.0,"Amatitlan,Atitlan",,,,,,,,,,
spatial,xgboost,standard,,fold4,0.9972338080406188,751109,0.0157793342910283,7878,738897,360,3974,0.994229865438971,0.956300072833212,0.664697941275734,0.7842707814833251,0.7078675915609388,0.999189525308842,0.9531978632205026,0.8321054829197934,0.9995130245638526,0.0004869754361473,0.3353020587242659,0.7947526584343737,0.0052113221026957,4.0,True,,0.9972338080406188,240.0,68.0,0.0,"Amatitlan,Atitlan",,,,,,,,,,
spatial,random_forest,standard,,fold5,0.9386002796357276,751236,0.0159457214510486,9550,739150,107,2429,0.9966242299357326,0.9889199544371958,0.7972284831788964,0.8827879460158994,0.8293818282875653,0.9996315746100456,0.9828719650914256,0.8985418716287985,0.9998552600787006,0.0001447399212993,0.2027715168211036,0.8863640428306186,0.0021345538937264,5.0,True,,0.9386002796357276,242.0,66.0,0.0,"Amatitlan,Atitlan",,,,,,,,,,
spatial,xgboost,standard,,fold5,0.9960415363311768,751236,0.0159457214510486,9821,739115,142,2158,0.996938378884931,0.9857472648800564,0.8198514066282662,0.8951781970649895,0.8484078854161268,0.9996992548614207,0.9842716454654968,0.9098296609364483,0.9998079152446308,0.0001920847553692,0.1801485933717338,0.8975470660474895,0.0041543617844581,5.0,True,,0.9960415363311768,242.0,66.0,0.0,"Amatitlan,Atitlan",,,,,,,,,,
spatial,logistic,standard,,fold1,0.9693785905838012,751226,0.0157822013615077,10075,738412,958,1781,0.9963539600599554,0.9131695821626032,0.8497807017543859,0.8803355323517847,0.8617445301674735,0.9983912280852336,0.9430164591287185,0.9242425020329066,0.9987043023114272,0.0012956976885727,0.150219298245614,0.8790728821204633,0.0129576846957206,1.0,True,,0.9693785905838012,267.0,41.0,0.0,"Amatitlan,Atitlan",,,,,,,,,,
spatial,logistic,standard,,fold2,0.9742985367774964,751885,0.016840341275594,9408,737754,1469,3254,0.9937184542848972,0.8649443780454169,0.7430105828463118,0.7993542631377714,0.7645672490857375,0.997131431453743,0.8618303970466233,0.8705116805641864,0.998012778282061,0.0019872217179389,0.2569894171536882,0.7985548965179176,0.0164003502577543,2.0,True,,0.9742985367774964,249.0,59.0,0.0,"Amatitlan,Atitlan",,,,,,,,,,
spatial,logistic,standard,,fold3,0.967410922050476,751054,0.0157072593981258,11048,738394,863,749,0.9978536829575504,0.9275459659138612,0.9365092820208528,0.9320060738991058,0.9347027868491852,0.9986746738508498,0.9636317680369224,0.967670946841822,0.9988326116627912,0.0011673883372088,0.0634907179791472,0.9309268418572892,0.0080256117507815,3.0,True,,0.967410922050476,234.0,74.0,0.0,"Amatitlan,Atitlan",,,,,,,,,,
spatial,logistic,standard,,fold4,0.9766291975975036,751109,0.0157793342910283,6943,738215,1042,4909,0.9920770487372672,0.8695053224796493,0.5858083023962201,0.7000050410848414,0.6267037351289875,0.9969793920535344,0.8284883575552354,0.7921993895252413,0.9985904766542624,0.0014095233457376,0.4141916976037799,0.7101248982871019,0.017689649015665,4.0,True,,0.9766291975975036,240.0,68.0,0.0,"Amatitlan,Atitlan",,,,,,,,,,
spatial,logistic,standard,,fold5,0.9696225523948668,751236,0.0159457214510486,9837,737010,2247,2142,0.9941576282286791,0.814051638530288,0.8211870773854245,0.8176037900511158,0.81975,0.9979730535048378,0.9160361682299206,0.9090737695190688,0.9969604616527136,0.0030395383472865,0.1788129226145755,0.8146431257431279,0.0153887886554002,5.0,True,,0.9696225523948668,242.0,66.0,0.0,"Amatitlan,Atitlan",,,,,,,,,,
temporal,random_forest,standard,,fold1,0.4779158910498067,36184,0.1357506080035374,3726,30737,535,1186,0.9524375414547868,0.8744426191034969,0.7585504885993485,0.8123841709364439,0.7792044836672383,0.9865818860916052,0.9184818131079012,0.8707212663001859,0.9828920440010231,0.0171079559989767,0.2414495114006514,0.7879104985361066,0.033612232741079,1.0,True,,0.4779158910498067,,,,,2025-01-18 .. 2025-04-15,2025-04-28,False,,,,,,,
temporal,xgboost,standard,,fold1,0.98200660943985,36184,0.1357506080035374,3919,30315,957,993,0.9461087773601592,0.8037325676784249,0.7978420195439739,0.8007764609726196,0.7990132115478715,0.984221271091601,0.9106920311244068,0.8836197818364535,0.9693975441289332,0.0306024558710667,0.202157980456026,0.7696237946234137,0.0678844153881073,1.0,True,,0.98200660943985,,,,,2025-01-18 .. 2025-04-15,2025-04-28,False,,,,,,,
temporal,random_forest,standard,,fold2,0.7936258338151515,305290,7.533820302007927e-05,5,305238,29,18,0.9998460480199156,0.1470588235294117,0.217391304347826,0.175438596491228,0.1984126984126984,0.999256246242598,0.1306845454340211,0.6086481527717503,0.9999050011956746,9.499880432539385e-05,0.782608695652174,0.1787247206208873,0.0002965939913697,2.0,True,,0.7936258338151515,,,,,2025-01-18 .. 2025-04-28,2025-05-13,True,,,,,,,
temporal,xgboost,standard,,fold2,0.9935106635093688,305290,7.533820302007927e-05,0,305263,4,23,0.9999115595008023,0.0,0.0,0.0,0.0,0.9994795717676088,0.1841567062132227,0.4999934483583224,0.9999868967166448,1.3103283355226737e-05,1.0,-3.141959191509921e-05,0.0002630325616337,2.0,True,,0.9935106635093688,,,,,2025-01-18 .. 2025-04-28,2025-05-13,True,,,,,,,
temporal,random_forest,standard,,fold3,0.769774884854896,298689,0.0011684394135706,150,298288,52,199,0.9991596610521312,0.7425742574257426,0.4297994269340974,0.5444646098003629,0.4693366708385482,0.9949469730599096,0.6617047850430869,0.7148125645765211,0.9998257022189448,0.0001742977810551,0.5702005730659025,0.5645725214931964,0.0006921938408995,3.0,True,,0.769774884854896,,,,,2025-01-18 .. 2025-05-13,2025-07-17,False,,,,,,,
temporal,xgboost,standard,,fold3,0.9937200546264648,298689,0.0011684394135706,97,298312,28,252,0.9990625700979948,0.776,0.2779369627507163,0.4092827004219409,0.3188691650230111,0.9942243643096388,0.5945033865098076,0.6389215550496894,0.9999061473486626,9.385265133740028e-05,0.7220630372492837,0.464081612111389,0.0013362768804654,3.0,True,,0.9937200546264648,,,,,2025-01-18 .. 2025-05-13,2025-07-17,False,,,,,,,
temporal,random_forest,standard,,fold4,0.7738447199533384,305298,0.0010907375744354,219,304934,31,114,0.99952505420933,0.876,0.6576576576576577,0.7512864493996569,0.6921618204804045,0.9965515463818548,0.8437321101980894,0.8287780033242628,0.9998983489908678,0.0001016510091321,0.3423423423423423,0.7587972887836237,0.0004371186315423,4.0,True,,0.7738447199533384,,,,,2025-01-18 .. 2025-07-17,2025-11-21,False,,,,,,,
temporal,xgboost,standard,,fold4,0.9947117567062378,305298,0.0010907375744354,172,304949,16,161,0.9994202385865614,0.9148936170212766,0.5165165165165165,0.6602687140115163,0.5657894736842105,0.9994187783770194,0.7960474894363626,0.7582320257397726,0.9999475349630286,5.246503697145574e-05,0.4834834834834834,0.6871951230340757,0.0009453056263737,4.0,True,,0.9947117567062378,,,,,2025-01-18 .. 2025-07-17,2025-11-21,False,,,,,,,
temporal,random_forest,standard,,fold5,0.7654532866205805,36434,0.0282428500850853,635,35364,41,394,0.9880606027337104,0.9393491124260356,0.6171039844509232,0.7448680351906158,0.6625626043405676,0.9966767993133462,0.9137136996496062,0.8079729779619396,0.9988419714729558,0.0011580285270442,0.3828960155490767,0.7561755604802612,0.0078632869528079,5.0,True,,0.7654532866205805,,,,,2025-01-18 .. 2025-11-21,2025-11-24,False,,,,,,,
temporal,xgboost,standard,,fold5,0.9952706694602966,36434,0.0282428500850853,679,35351,54,350,0.9889114563319976,0.9263301500682128,0.6598639455782312,0.7707150964812712,0.7001443596617859,0.9960438211235833,0.9023225068273018,0.8291693686371597,0.998474791696088,0.0015252083039118,0.3401360544217687,0.7767785403426785,0.0181603822857141,5.0,True,,0.9952706694602966,,,,,2025-01-18 .. 2025-11-21,2025-11-24,False,,,,,,,
temporal,random_forest,standard,,fold6,0.7443515340845894,309406,0.0008306238405202,127,309121,28,130,0.999489344098046,0.8193548387096774,0.4941634241245136,0.616504854368932,0.536770921386306,0.997432571676335,0.7336826435770712,0.74703642645564,0.9999094287867664,9.057121323374812e-05,0.5058365758754864,0.6360922016907108,0.0004620004741073,6.0,True,,0.7443515340845894,,,,,2025-01-18 .. 2025-11-24,2025-12-29,False,,,,,,,
temporal,xgboost,standard,,fold6,0.9934231638908386,309406,0.0008306238405202,41,309149,0,216,0.9993018881340376,1.0,0.159533073929961,0.2751677852348993,0.1917680074836295,0.997474062505188,0.4918984910682825,0.5797665369649805,1.0,0.0,0.8404669260700389,0.3992764546501166,0.0037249105516821,6.0,True,,0.9934231638908386,,,,,2025-01-18 .. 2025-11-24,2025-12-29,False,,,,,,,
temporal,random_forest,standard,,fold7,0.7347429882327394,36668,0.0950147267372095,2763,33023,161,721,0.9759463292243918,0.944938440492476,0.7930539609644087,0.8623595505617978,0.8193950177935944,0.995671146345271,0.9637767716929654,0.8941011125940654,0.9951482642237224,0.0048517357762777,0.2069460390355912,0.853206453622988,0.017366484728527,7.0,True,,0.7347429882327394,,,,,2025-01-18 .. 2025-12-29,2026-01-08,False,,,,,,,
temporal,xgboost,standard,,fold7,0.9942890405654908,36668,0.0950147267372095,2326,33151,33,1158,0.967519362932257,0.9860110216193302,0.6676234213547646,0.7961663529009071,0.7137158637618901,0.9953822862359076,0.9631263402729494,0.8333144830978259,0.9990055448408872,0.0009944551591128,0.3323765786452353,0.7967455026496391,0.0370688922703266,7.0,True,,0.9942890405654908,,,,,2025-01-18 .. 2025-12-29,2026-01-08,False,,,,,,,
temporal,random_forest,standard,,fold8,0.8200840705376534,36130,0.0001660669803487,4,36124,0,2,0.9999446443398836,1.0,0.6666666666666666,0.8,0.7142857142857143,0.9993771453881076,0.7929085303186022,0.8333333333333333,1.0,0.0,0.3333333333333333,0.8164739792590686,0.000605784165278,8.0,True,,0.8200840705376534,,,,,2025-01-18 .. 2026-01-08,2026-02-02,False,,,,,,,
temporal,xgboost,standard,,fold8,0.9953077435493468,36130,0.0001660669803487,2,36123,1,4,0.9998616108497094,0.6666666666666666,0.3333333333333333,0.4444444444444444,0.3703703703703703,0.9990772524268262,0.564116439116439,0.666652825453069,0.9999723175728048,2.768242719521648e-05,0.6666666666666666,0.4713458003396836,0.0027466069441288,8.0,True,,0.9953077435493468,,,,,2025-01-18 .. 2026-01-08,2026-02-02,False,,,,,,,
temporal,random_forest,standard,,fold9,0.7846424881530466,36561,0.0009573042312847,9,36525,1,26,0.9992615081644376,0.9,0.2571428571428571,0.4,0.3,0.9985075210613183,0.5434911924234286,0.6285577396922739,0.9999726222416908,2.7377758309149647e-05,0.7428571428571429,0.4808544855211943,0.0008988399667176,9.0,True,,0.7846424881530466,,,,,2025-01-18 .. 2026-02-02,2026-02-07,False,,,,,,,
temporal,xgboost,standard,,fold9,0.994933307170868,36561,0.0009573042312847,5,36526,0,30,0.9991794535160416,1.0,0.1428571428571428,0.25,0.1724137931034483,0.9986006054395696,0.5220782984007148,0.5714285714285714,1.0,0.0,0.8571428571428571,0.3778093512577483,0.0019553392194211,9.0,True,,0.994933307170868,,,,,2025-01-18 .. 2026-02-02,2026-02-07,False,,,,,,,
temporal,random_forest,standard,,fold10,0.7991995686021314,306130,0.0005193871884493,98,305947,24,61,0.9997223401822756,0.8032786885245902,0.6163522012578616,0.697508896797153,0.6464379947229552,0.9996813731823024,0.7311732772967695,0.8081368812257848,0.999921561193708,7.843880629209958e-05,0.3836477987421384,0.7035031847310729,0.0003460860393287,10.0,True,,0.7991995686021314,,,,,2025-01-18 .. 2026-02-07,2026-02-12,False,,,,,,,
temporal,xgboost,standard,,fold10,0.9947909116744996,306130,0.0005193871884493,82,305956,15,77,0.9996994740796392,0.845360824742268,0.5157232704402516,0.640625,0.5593451568894953,0.9996851347917236,0.726491220757899,0.7578371230931595,0.9999509757460674,4.902425393256224e-05,0.4842767295597484,0.660152299761375,0.0007321742014028,10.0,True,,0.9947909116744996,,,,,2025-01-18 .. 2026-02-07,2026-02-12,False,,,,,,,
temporal,random_forest,standard,,fold11,0.8149282874528582,305432,0.0001309620471987,13,305351,41,27,0.9997773645197622,0.2407407407407407,0.325,0.2765957446808511,0.3037383177570093,0.9994112484937392,0.2378198420526554,0.6624328731597422,0.9998657463194844,0.0001342536805155,0.675,0.2796063257526407,0.0003675374311611,11.0,True,,0.8149282874528582,,,,,2025-01-18 .. 2026-02-12,2026-03-24,False,,,,,,,
temporal,xgboost,standard,,fold11,0.9956499934196472,305432,0.0001309620471987,7,305373,19,33,0.9998297493386415,0.2692307692307692,0.175,0.2121212121212121,0.1881720430107527,0.9995147220621364,0.2071754249278653,0.5874688924398805,0.9999377848797611,6.221512023890606e-05,0.825,0.2169786437832243,0.0006765382713638,11.0,True,,0.9956499934196472,,,,,2025-01-18 .. 2026-02-12,2026-03-24,False,,,,,,,
temporal,random_forest,standard,,fold12,0.7802705319592376,36594,0.1067388096409247,2266,32686,2,1640,0.9551292561622124,0.9991181657848324,0.5801331285202252,0.7340459993521218,0.6332439078917952,0.979898774216606,0.9141587395290288,0.7900359719938375,0.9999388154674498,6.118453255017132e-05,0.4198668714797747,0.7428635179112093,0.0332125972798379,12.0,True,,0.7802705319592376,,,,,2025-01-18 .. 2026-03-24,2026-03-29,False,,,,,,,
temporal,xgboost,standard,,fold12,0.9951188564300536,36594,0.1067388096409247,2326,32678,10,1580,0.9565502541400228,0.9957191780821918,0.5954941116231439,0.7452739506568408,0.6475501113585747,0.9753543972286572,0.8903884270734953,0.7975940944801965,0.9996940773372492,0.0003059226627508,0.4045058883768561,0.7517910943196822,0.0314844511449337,12.0,True,,0.9951188564300536,,,,,2025-01-18 .. 2026-03-24,2026-03-29,False,,,,,,,
temporal,random_forest,standard,,fold13,0.7959673001077466,341452,0.0165791970760165,1486,335436,355,4175,0.986733127935991,0.8071700162954916,0.2624977919095566,0.3961610237270061,0.3034510925056157,0.9943558880175092,0.7099113602508337,0.6307202933418434,0.9989427947741304,0.0010572052258696,0.7375022080904434,0.4558650993308691,0.0078976027198565,13.0,True,,0.7959673001077466,,,,,2025-01-18 .. 2026-03-29,2026-04-13,False,,,,,,,
temporal,xgboost,standard,,fold13,0.9949384927749634,341452,0.0165791970760165,2207,335295,496,3454,0.988431756147277,0.8165001849796523,0.3898604486839781,0.5277379244380679,0.4353572414881445,0.9932446813680889,0.7246680941734467,0.6941916697053252,0.9985228907266722,0.0014771092733277,0.6101395513160219,0.5596025195336222,0.0225557330995798,13.0,True,,0.9949384927749634,,,,,2025-01-18 .. 2026-03-29,2026-04-13,False,,,,,,,
temporal,random_forest,standard,,fold14,0.7802456368556616,339536,0.0447934828707412,1915,324291,36,13294,0.9607405400311012,0.981547924141466,0.1259122887763824,0.2231934731934731,0.1524997212798828,0.9988488965947028,0.9710842414842722,0.5629006448460624,0.9998890009157424,0.0001109990842575,0.8740877112236176,0.3442760174953557,0.0144103126695925,14.0,True,,0.7802456368556616,,,,,2025-01-18 .. 2026-04-13,2026-04-28,False,,,,,,,
temporal,xgboost,standard,,fold14,0.9931666254997252,339536,0.0447934828707412,6036,324317,10,9173,0.97295426699967,0.9983460138934832,0.396870274179762,0.5679604798870854,0.4512424867677402,0.9991832314545174,0.9821193508676224,0.6984197205504008,0.9999691669210397,3.083307896043191e-05,0.603129725820238,0.6206992668606672,0.0049695582129061,14.0,True,,0.9931666254997252,,,,,2025-01-18 .. 2026-04-13,2026-04-28,False,,,,,,,
temporal,random_forest,standard,,fold15,0.894361647267237,36644,0.6291889531710512,15654,13501,87,7402,0.7956282065276716,0.9944730322088812,0.6789555863983345,0.806969611052401,0.7249571620432548,0.979776728997317,0.987899336846582,0.836276439063165,0.9935972917279952,0.0064027082720047,0.3210444136016655,0.6562596712831427,0.0554523049649198,15.0,True,,0.894361647267237,,,,,2025-01-18 .. 2026-04-28,2026-06-19,True,,,,,,,
temporal,xgboost,standard,,fold15,0.9952539205551147,36644,0.6291889531710512,18572,13350,238,4484,0.8711385219954153,0.9873471557682084,0.8055170020818876,0.8872115798022262,0.8363204063620152,0.9803681091865358,0.9883871879194296,0.8940007736344087,0.9824845451869296,0.0175154548130703,0.1944829979181124,0.7615142632758986,0.0730131119489669,15.0,True,,0.9952539205551147,,,,,2025-01-18 .. 2026-04-28,2026-06-19,True,,,,,,,
temporal,random_forest,standard,,fold16,0.9472260188854438,304106,0.0019894378933661,306,303460,41,299,0.9988819687871991,0.8818443804034583,0.5057851239669422,0.6428571428571429,0.5529454282616553,0.9995571406207466,0.8106813514500044,0.7528250169012474,0.9998649098355524,0.0001350901644475,0.4942148760330578,0.6673881275222999,0.0010259854249124,16.0,True,,0.9472260188854438,,,,,2025-01-18 .. 2026-06-19,2026-07-22,False,,,,,,,
temporal,xgboost,standard,,fold16,0.9964882135391236,304106,0.0019894378933661,281,303469,32,324,0.9988293555536556,0.8977635782747604,0.4644628099173554,0.6122004357298475,0.5140870837907062,0.9996282419971604,0.818937008115215,0.7321786868457225,0.9998945637740896,0.0001054362259102,0.5355371900826447,0.6452812510682763,0.0013565975241363,16.0,True,,0.9964882135391236,,,,,2025-01-18 .. 2026-06-19,2026-07-22,False,,,,,,,
temporal,logistic,standard,,fold1,0.97416752576828,36184,0.1357506080035374,4079,29351,1921,833,0.9238890117178864,0.6798333333333333,0.8304153094462541,0.7476173020527859,0.7951887086712415,0.967431940942892,0.8078696587668251,0.8844932776445904,0.9385712458429266,0.0614287541570734,0.1695846905537459,0.7082094757996789,0.2148675322532653,1.0,True,,0.97416752576828,,,,,2025-01-18 .. 2025-04-15,2025-04-28,False,,,,,,,
temporal,logistic,standard,,fold2,0.960845410823822,305290,7.533820302007927e-05,15,305172,95,8,0.999662615873432,0.1363636363636363,0.6521739130434783,0.225563909774436,0.3712871287128713,0.9976906887356344,0.3837876198681924,0.8259313550318959,0.9996887970203132,0.0003112029796866,0.3478260869565217,0.298116221632689,0.000823491893243,2.0,True,,0.960845410823822,,,,,2025-01-18 .. 2025-04-28,2025-05-13,True,,,,,,,
temporal,logistic,standard,,fold3,0.967351496219635,298689,0.0011684394135706,293,297967,373,56,0.9985637234715709,0.4399399399399399,0.839541547277937,0.5773399014778325,0.7104752667313288,0.9868467650896569,0.7226167375038356,0.9191456479434532,0.9987497486089696,0.0012502513910303,0.160458452722063,0.6071575604996945,0.0032373359426856,3.0,True,,0.967351496219635,,,,,2025-01-18 .. 2025-05-13,2025-07-17,False,,,,,,,
temporal,logistic,standard,,fold4,0.9745318293571472,305298,0.0010907375744354,285,304603,362,48,0.9986570498332776,0.4404945904173106,0.8558558558558559,0.5816326530612245,0.7200606366851945,0.9931183113663072,0.6131109249779574,0.9273344171971885,0.9988129785385208,0.0011870214614791,0.1441441441441441,0.6134674716757172,0.0047258865088224,4.0,True,,0.9745318293571472,,,,,2025-01-18 .. 2025-07-17,2025-11-21,False,,,,,,,
temporal,logistic,standard,,fold5,0.9708456993103028,36434,0.0282428500850853,869,35018,387,160,0.984986551023769,0.6918789808917197,0.8445092322643343,0.7606126914660831,0.8088235294117647,0.9945371955145162,0.8473294349879561,0.9167892863764828,0.9890693404886316,0.0109306595113684,0.1554907677356657,0.7569307301827799,0.0892717316746711,5.0,True,,0.9708456993103028,,,,,2025-01-18 .. 2025-11-21,2025-11-24,False,,,,,,,
temporal,logistic,standard,,fold6,0.9697592854499816,309406,0.0008306238405202,211,308019,1130,46,0.9961991687297596,0.157345264727815,0.8210116731517509,0.2640801001251564,0.445335584634867,0.9891509065812184,0.1322886351715219,0.908678238880266,0.9963448046087808,0.0036551953912191,0.178988326848249,0.3584482171892968,0.0078320810571312,6.0,True,,0.9697592854499816,,,,,2025-01-18 .. 2025-11-24,2025-12-29,False,,,,,,,
temporal,logistic,standard,,fold7,0.9656084775924684,36668,0.0950147267372095,2721,32917,267,763,0.9719101123595506,0.9106425702811244,0.7809988518943742,0.8408529048207664,0.8038879697471047,0.9931019685181576,0.9382041385452178,0.8864764028035035,0.9919539537126326,0.0080460462873674,0.2190011481056257,0.8284762832881878,0.0764370113611221,7.0,True,,0.9656084775924684,,,,,2025-01-18 .. 2025-12-29,2026-01-08,False,,,,,,,
temporal,logistic,standard,,fold8,0.969716727733612,36130,0.0001660669803487,5,36075,49,1,0.9986161084970938,0.0925925925925925,0.8333333333333334,0.1666666666666666,0.3205128205128205,0.999718561990182,0.5140667761357417,0.915988447200384,0.9986435610674343,0.0013564389325656,0.1666666666666666,0.2775100644055973,0.0481071881949901,8.0,True,,0.969716727733612,,,,,2025-01-18 .. 2026-01-08,2026-02-02,False,,,,,,,
temporal,logistic,standard,,fold9,0.9645876884460448,36561,0.0009573042312847,22,36461,65,13,0.9978665791417084,0.2528735632183908,0.6285714285714286,0.360655737704918,0.4845814977973568,0.997557121737158,0.2335255982050983,0.8133959371406669,0.9982204457099052,0.0017795542900947,0.3714285714285714,0.3978387796206261,0.0116110313683748,9.0,True,,0.9645876884460448,,,,,2025-01-18 .. 2026-02-02,2026-02-07,False,,,,,,,
temporal,logistic,standard,,fold10,0.9668499827384948,306130,0.0005193871884493,123,305568,403,36,0.9985659687061051,0.2338403041825095,0.7735849056603774,0.3591240875912408,0.5292598967297762,0.9907476844159336,0.6631593643374751,0.8861338936856946,0.9986828817110118,0.0013171182889881,0.2264150943396226,0.4248486336873551,0.0033078659325838,10.0,True,,0.9668499827384948,,,,,2025-01-18 .. 2026-02-07,2026-02-12,False,,,,,,,
temporal,logistic,standard,,fold11,0.9724239110946656,305432,0.0001309620471987,27,305221,171,13,0.999397574582886,0.1363636363636363,0.675,0.226890756302521,0.3770949720670391,0.99886715270865,0.2784516375054955,0.8372200319589249,0.99944006391785,0.0005599360821501,0.325,0.3032167129914949,0.001650622813031,11.0,True,,0.9724239110946656,,,,,2025-01-18 .. 2026-02-12,2026-03-24,False,,,,,,,
temporal,logistic,standard,,fold12,0.9741722345352172,36594,0.1067388096409247,2621,32567,121,1285,0.9615784008307372,0.9558716265499636,0.6710189452124936,0.7885078219013237,0.7135467712076663,0.9931656751827516,0.9381296298967972,0.8336586404966041,0.9962983357807146,0.0037016642192853,0.3289810547875064,0.7826485309036719,0.080601193010807,12.0,True,,0.9741722345352172,,,,,2025-01-18 .. 2026-03-24,2026-03-29,False,,,,,,,
temporal,logistic,standard,,fold13,0.9681540131568908,341452,0.0165791970760165,3620,325447,10344,2041,0.963728430350386,0.2592380406760241,0.6394629924041689,0.3689171974522293,0.4944274475524475,0.9788653091177404,0.4204204197536605,0.8043290583761749,0.9691951243481808,0.0308048756518191,0.3605370075958311,0.3924206978263272,0.0676185935735702,13.0,True,,0.9681540131568908,,,,,2025-01-18 .. 2026-03-29,2026-04-13,False,,,,,,,
temporal,logistic,standard,,fold14,0.9557584524154664,339536,0.0447934828707412,14677,323141,1186,532,0.9949401536214127,0.9252348231734224,0.9650207114208692,0.9447090628218332,0.9567921354906844,0.9992675101250544,0.9798699766321606,0.980681954128081,0.9963431968352928,0.0036568031647072,0.0349792885791307,0.9422882972314388,0.0132593782618641,14.0,True,,0.9557584524154664,,,,,2025-01-18 .. 2026-04-13,2026-04-28,False,,,,,,,
temporal,logistic,standard,,fold15,0.9704688787460328,36644,0.6291889531710512,17439,13204,384,5617,0.836235127169523,0.9784548055882848,0.7563757807078417,0.8532009100026908,0.7923432715112634,0.9748821398774729,0.9800324026029484,0.864057775546738,0.9717397703856344,0.0282602296143656,0.2436242192921582,0.7036526162395711,0.1404171586036682,15.0,True,,0.9704688787460328,,,,,2025-01-18 .. 2026-04-28,2026-06-19,True,,,,,,,
temporal,logistic,standard,,fold16,0.969807505607605,304106,0.0019894378933661,548,303127,374,57,0.99858273102142,0.5943600867678959,0.905785123966942,0.7177472167648985,0.8198683423099941,0.9979855907999922,0.8340999761277235,0.9522764190383076,0.9987677141096736,0.0012322858903265,0.0942148760330578,0.7331166641067585,0.0028476756997406,16.0,True,,0.969807505607605,,,,,2025-01-18 .. 2026-06-19,2026-07-22,False,,,,,,,
cross_lake,random_forest,standard,,umbral_0.5,0.5,399646,0.1451184298103822,924,341579,71,57072,0.8570159591238246,0.928643216080402,0.015932133250569,0.0313268125646285,0.0198301134437009,0.951796936605498,0.7850530354481451,0.5078621591176012,0.9997921849846334,0.0002078150153666,0.984067866749431,0.1111356997951593,0.118463928982606,,,,0.374391693982926,,,,,,,,A,Atitlan,Amatitlan,True,0.0006404787325313,0.1451184298103822,1560.3320930232558
cross_lake,random_forest,standard,,umbral_operacional,0.374391693982926,399646,0.1451184298103822,2324,341456,194,55672,0.8602112869889853,0.9229547259729944,0.0400717290847644,0.0768086723733351,0.0495518161892009,0.951796936605498,0.7850530354481451,0.5197519482537828,0.9994321674228012,0.0005678325771988,0.9599282709152356,0.1758476426730502,0.118463928982606,,,,0.374391693982926,,,,,,,,A,Atitlan,Amatitlan,True,0.0006404787325313,0.1451184298103822,1560.3320930232558
cross_lake,random_forest,standard,,umbral_0.5,0.5,3356864,0.0006404787325313,1665,3352829,1885,485,0.9992939839087912,0.4690140845070422,0.7744186046511627,0.5842105263157895,0.6851851851851852,0.9938714429071838,0.5080622024008341,0.8869283543818818,0.9994381041126008,0.000561895887399,0.2255813953488372,0.6023601668036083,0.0005802578050984,,,,0.9173093870728418,,,,,,,,B,Amatitlan,Atitlan,True,0.1451184298103822,0.0006404787325313,5.890923511966342
cross_lake,random_forest,standard,,umbral_operacional,0.9173093870728418,3356864,0.0006404787325313,282,3354522,192,1868,0.9993863320051096,0.5949367088607594,0.1311627906976744,0.2149390243902439,0.155389023583866,0.9938714429071838,0.5080622024008341,0.5655527789004604,0.9999427671032464,5.723289675364278e-05,0.8688372093023256,0.2791532593907777,0.0005802578050984,,,,0.9173093870728418,,,,,,,,B,Amatitlan,Atitlan,True,0.1451184298103822,0.0006404787325313,5.890923511966342
