grupo,n,advertencia,etiqueta,umbral,prevalencia_real,TP,TN,FP,FN,accuracy,precision,recall,f1,f2,roc_auc,pr_auc,balanced_accuracy,specificity,fpr,fnr,mcc,brier,area_FP_ha,area_FN_ha,area_error_ha
0,1,una sola clase,,,,,,,,,,,,,,,,,,,,,,,
1,1,una sola clase,,,,,,,,,,,,,,,,,,,,,,,
2,1,una sola clase,,,,,,,,,,,,,,,,,,,,,,,
3,1,una sola clase,,,,,,,,,,,,,,,,,,,,,,,
4,146,,4,0.9407730597461879,0.23972602739726026,16.0,111.0,0.0,19.0,0.8698630136986302,1.0,0.45714285714285713,0.6274509803921569,0.5128205128205128,0.966023166023166,0.9047788390664876,0.7285714285714285,1.0,0.0,0.5428571428571428,0.6247636915904048,0.06665278971195221,0.0,0.76,0.76
5,5800,,5,0.9407730597461879,0.18068965517241378,868.0,4746.0,6.0,180.0,0.9679310344827586,0.9931350114416476,0.8282442748091603,0.9032258064516129,0.8566916699565732,0.9931832639370807,0.977396916018174,0.913490824273267,0.9987373737373737,0.0012626262626262627,0.1717557251908397,0.889430072993246,0.023522021248936653,0.24,7.2,7.44
6,4701,,6,0.9407730597461879,0.2524994681982557,867.0,3510.0,4.0,320.0,0.9310784939374601,0.9954075774971297,0.7304128053917439,0.8425655976676385,0.7714895888948211,0.9926360270795503,0.9804132453739528,0.8646372507322977,0.9988616960728515,0.0011383039271485487,0.2695871946082561,0.8154715285018193,0.029735909774899483,0.16,12.8,12.96
7,9049,,7,0.9407730597461879,0.17151066416178584,782.0,7463.0,34.0,770.0,0.9111504033594873,0.9583333333333334,0.5038659793814433,0.660472972972973,0.5566628701594533,0.9776273481901352,0.9082063505958976,0.7496654159945766,0.9954648526077098,0.0045351473922902496,0.4961340206185567,0.657133881683472,0.04913108050823212,1.36,30.8,32.160000000000004
8,24137,,8,0.9407730597461879,0.18440568421924847,3839.0,19634.0,52.0,612.0,0.972490367485603,0.9866358262657414,0.8625028083576725,0.9204027811076481,0.884766075132519,0.9973744894369801,0.9897202504070978,0.9299306686307309,0.9973585289037895,0.002641471096210505,0.13749719164232757,0.9068505644894852,0.01705533266067505,2.08,24.48,26.560000000000002
9,1503,,9,0.9407730597461879,0.22554890219560877,265.0,1162.0,2.0,74.0,0.9494344644045243,0.9925093632958801,0.7817109144542773,0.8745874587458746,0.8163894023413432,0.9942954312765462,0.9839797477709604,0.889996350697929,0.9982817869415808,0.001718213058419244,0.2182890855457227,0.85290765460457,0.024113934487104416,0.08,2.96,3.04
10,2872,,10,0.9407730597461879,0.0006963788300835655,0.0,2870.0,0.0,2.0,0.9993036211699164,0.0,0.0,0.0,0.0,0.9263066202090593,0.011631274131274131,0.5,1.0,0.0,1.0,0.0,0.0030634310096502304,0.0,0.08,0.08
11,9,una sola clase,,,,,,,,,,,,,,,,,,,,,,,
12,173,,12,0.9407730597461879,0.26011560693641617,32.0,128.0,0.0,13.0,0.9248554913294798,1.0,0.7111111111111111,0.8311688311688312,0.7547169811320755,0.9946180555555555,0.9880927214038917,0.8555555555555556,1.0,0.0,0.28888888888888886,0.80345981563169,0.021293800324201584,0.0,0.52,0.52
13,10069,,13,0.9407730597461879,0.2459032674545635,2163.0,7581.0,12.0,313.0,0.9677227132783792,0.9944827586206897,0.8735864297253635,0.9301225542894002,0.8953555757926981,0.9985156062668894,0.9955210354276398,0.9360030133612989,0.9984195969972343,0.0015804030027657052,0.1264135702746365,0.9124799174133233,0.017427124083042145,0.48,12.52,13.0
14,17817,,14,0.9407730597461879,0.2160857607902565,3422.0,13950.0,17.0,428.0,0.9750238536229444,0.9950567025298052,0.8888311688311689,0.9389491013856496,0.9082223047932481,0.9985378336133688,0.9950954019629781,0.9438070070546623,0.9987828452781556,0.0012171547218443473,0.11116883116883117,0.9256371026113663,0.014324702322483063,0.68,17.12,17.8
15,166,una sola clase,,,,,,,,,,,,,,,,,,,,,,,
16,4,una sola clase,,,,,,,,,,,,,,,,,,,,,,,
17,16902,,17,0.9407730597461879,0.1752455330730091,2661.0,13926.0,14.0,301.0,0.9813631522896699,0.994766355140187,0.8983794733288318,0.944119212346993,0.916133030365627,0.9989664637779158,0.9955161872945396,0.9486875845840717,0.9989956958393114,0.0010043041606886656,0.10162052667116812,0.9347154112765329,0.013714197091758251,0.56,12.040000000000001,12.6
18,27133,,18,0.9407730597461879,0.18987948254892567,4811.0,21963.0,18.0,341.0,0.9867688792245605,0.9962725201905156,0.9338121118012422,0.9640316601542932,0.9456696937531942,0.9996442615177816,0.9985300853040957,0.9664966113803537,0.999181110959465,0.0008188890405350075,0.06618788819875776,0.9566876297614653,0.008771692402660847,0.72,13.64,14.36
19,12356,,19,0.9407730597461879,0.1973939786338621,2297.0,9903.0,14.0,142.0,0.9873745548721269,0.9939420164430982,0.941779417794178,0.9671578947368421,0.9517692881412115,0.9996344402286415,0.9985684419165286,0.9701838502704883,0.9985882827467985,0.001411717253201573,0.05822058220582206,0.959884142712374,0.007564243394881487,0.56,5.68,6.24
20,9,una sola clase,,,,,,,,,,,,,,,,,,,,,,,
21,6452,,21,0.9407730597461879,0.11686298822070676,424.0,5683.0,15.0,330.0,0.9465282083075015,0.9658314350797267,0.5623342175066313,0.71081307627829,0.613603473227207,0.9883334279886005,0.9275794067142277,0.7798508574370644,0.9973674973674974,0.0026325026325026324,0.4376657824933687,0.7140451454660515,0.03536735102534294,0.6,13.200000000000001,13.8
22,21405,,22,0.9407730597461879,0.261948142957253,4312.0,15680.0,118.0,1295.0,0.9339873861247372,0.9733634311512416,0.7690387016229713,0.8592208827338846,0.8027403380743168,0.9918068183493618,0.9766488009434996,0.880784700855795,0.9925307000886188,0.007469299911381187,0.23096129837702872,0.8265498756356069,0.04386887699365616,4.72,51.800000000000004,56.52
23,15111,,23,0.9407730597461879,0.23022963404142677,2790.0,11504.0,128.0,689.0,0.9459334259810734,0.9561343385880741,0.8019545846507617,0.8722838830701891,0.8286800522751574,0.9938019747488667,0.9788997658580761,0.8954752290516532,0.9889958734525447,0.011004126547455296,0.19804541534923828,0.8435401574440502,0.035625383257865906,5.12,27.560000000000002,32.68
24,13584,,24,0.9407730597461879,0.18065371024734983,2165.0,11112.0,18.0,289.0,0.9773998822143698,0.9917544663307375,0.8822330888345559,0.933793400905758,0.9021585132094341,0.9986794942485306,0.9942833274582954,0.9403079190803507,0.9983827493261456,0.0016172506738544475,0.11776691116544417,0.9225141000318563,0.01437685452401638,0.72,11.56,12.280000000000001
25,1707,,25,0.9407730597461879,0.23140011716461628,250.0,1299.0,13.0,145.0,0.9074399531341535,0.9505703422053232,0.6329113924050633,0.7598784194528876,0.6782419967444384,0.9723120561901821,0.921460466057902,0.8115014279098487,0.9900914634146342,0.009908536585365854,0.3670886075949367,0.7277698034522297,0.08123735338449478,0.52,5.8,6.32
26,7596,,26,0.9407730597461879,0.036466561348077936,181.0,7319.0,0.0,96.0,0.9873617693522907,1.0,0.6534296028880866,0.7903930131004366,0.7020946470131885,0.9983362624256238,0.9650804600054315,0.8267148014440433,1.0,0.0,0.34657039711191334,0.8031001347935693,0.008625193499028683,0.0,3.84,3.84
27,11542,,27,0.9407730597461879,0.09747010916652227,496.0,10394.0,23.0,629.0,0.9435106567319356,0.9556840077071291,0.4408888888888889,0.6034063260340633,0.4941223351265192,0.9864089682463494,0.8908851164754347,0.719340479771314,0.9977920706537391,0.0022079293462609196,0.5591111111111111,0.6278599706776199,0.03612256050109863,0.92,25.16,26.080000000000002
28,6776,,28,0.9407730597461879,0.30489964580873674,1554.0,4677.0,33.0,512.0,0.91956906729634,0.9792060491493384,0.7521781219748306,0.85080755543389,0.788752410922749,0.9910880436056012,0.9791030336616092,0.8725858762740395,0.9929936305732484,0.0070063694267515925,0.24782187802516942,0.8100311069249724,0.04314707592129707,1.32,20.48,21.8
29,792,,29,0.9407730597461879,0.398989898989899,276.0,467.0,9.0,40.0,0.9381313131313131,0.968421052631579,0.8734177215189873,0.9184692179700499,0.8908973531310523,0.9905595149452187,0.9837298869455032,0.9272550792468885,0.9810924369747899,0.018907563025210083,0.12658227848101267,0.8718421027593393,0.04437563940882683,0.36,1.6,1.96
30,949,,30,0.9407730597461879,0.2465753424657534,95.0,701.0,14.0,139.0,0.8387776606954689,0.8715596330275229,0.405982905982906,0.5539358600583091,0.45454545454545453,0.9118701811009503,0.7807375417576673,0.6932012432012432,0.9804195804195804,0.019580419580419582,0.594017094017094,0.5223336077732909,0.11993986368179321,0.56,5.5600000000000005,6.12
31,2,una sola clase,,,,,,,,,,,,,,,,,,,,,,,
32,4535,,32,0.9407730597461879,0.10121278941565601,381.0,4061.0,15.0,78.0,0.9794928335170893,0.9621212121212122,0.8300653594771242,0.8912280701754386,0.853494623655914,0.997296465200408,0.9757286326113639,0.9131926404843913,0.9963199214916585,0.0036800785083415115,0.16993464052287582,0.8828983343348423,0.019042128697037697,0.6,3.12,3.72
33,18886,,33,0.9407730597461879,0.05236683257439373,777.0,17869.0,28.0,212.0,0.9872921740972148,0.9652173913043478,0.7856420626895855,0.8662207357859532,0.8160050409577819,0.9982405781922655,0.9740544091172071,0.892038777335741,0.9984354919818964,0.0015645080181035929,0.21435793731041455,0.8646455751615676,0.01032490748912096,1.12,8.48,9.6
34,24107,,34,0.9407730597461879,0.02941054465507944,528.0,23390.0,8.0,181.0,0.9921599535404654,0.9850746268656716,0.7447108603667136,0.8481927710843373,0.7829181494661922,0.9989403335257881,0.9748247467769912,0.8721844754008967,0.9996580904350799,0.00034190956492007865,0.2552891396332863,0.8529613187350569,0.004976996220648289,0.32,7.24,7.5600000000000005
35,1947,,35,0.9407730597461879,0.05649717514124294,51.0,1837.0,0.0,59.0,0.9696969696969697,1.0,0.4636363636363636,0.6335403726708074,0.5193482688391039,0.9894739446726382,0.8670914438820594,0.7318181818181818,1.0,0.0,0.5363636363636364,0.6702304534706653,0.02145574986934662,0.0,2.36,2.36
36,67,una sola clase,,,,,,,,,,,,,,,,,,,,,,,
37,1,una sola clase,,,,,,,,,,,,,,,,,,,,,,,
38,1494,,38,0.9407730597461879,0.08701472556894244,60.0,1363.0,1.0,70.0,0.9524765729585006,0.9836065573770492,0.46153846153846156,0.6282722513089005,0.5163511187607573,0.9947044890593277,0.9509279229981598,0.7304026618542747,0.999266862170088,0.0007331378299120235,0.5384615384615384,0.6563089647589027,0.02717585489153862,0.04,2.8000000000000003,2.84
39,25340,,39,0.9407730597461879,0.142620363062352,3048.0,21707.0,19.0,566.0,0.9769139700078927,0.9938050211933486,0.8433868289983398,0.9124382577458464,0.8697140900530731,0.9974550345065863,0.986808043012326,0.921256150391649,0.9991254717849581,0.0008745282150418853,0.15661317100166022,0.9032624691528969,0.014625933952629566,0.76,22.64,23.400000000000002
40,27498,,40,0.9407730597461879,0.04327587460906248,865.0,26292.0,16.0,325.0,0.9875990981162266,0.981838819523269,0.726890756302521,0.8353452438435538,0.7667080304910476,0.9971640891418145,0.9556070665881028,0.8631412881406173,0.9993918199787137,0.0006081800212863008,0.27310924369747897,0.8391807562308774,0.010724508203566074,0.64,13.0,13.64
41,13635,,41,0.9407730597461879,0.09937660432709938,852.0,12248.0,32.0,503.0,0.9607627429409608,0.9638009049773756,0.6287822878228783,0.7610540419830282,0.675761421319797,0.9934983232568483,0.9468248941028198,0.813088212315348,0.9973941368078176,0.0026058631921824105,0.3712177121771218,0.7607943665959616,0.0217046570032835,1.28,20.12,21.400000000000002
42,222,,42,0.9407730597461879,0.42342342342342343,24.0,118.0,10.0,70.0,0.6396396396396397,0.7058823529411765,0.2553191489361702,0.375,0.2926829268292683,0.7967918882978724,0.6872136488440121,0.5885970744680851,0.921875,0.078125,0.7446808510638298,0.24310836670467342,0.2034607231616974,0.4,2.8000000000000003,3.2
43,4411,,43,0.9407730597461879,0.09249603264565857,368.0,4002.0,1.0,40.0,0.9907050555429607,0.997289972899729,0.9019607843137255,0.9472329472329473,0.9195402298850575,0.9993589366798431,0.9947270981114059,0.950855485836603,0.9997501873594804,0.0002498126405196103,0.09803921568627451,0.9435803604528202,0.01652080938220024,0.04,1.6,1.6400000000000001
44,19331,,44,0.9407730597461879,0.15767420205886917,2437.0,16281.0,2.0,611.0,0.9682892762919663,0.999179991799918,0.7995406824146981,0.8882813923819938,0.832820723122138,0.9990415184314575,0.9951909471288882,0.8997089274629531,0.999877172511208,0.00012282748879199166,0.20045931758530183,0.8774090309975585,0.009415600448846817,0.08,24.44,24.52
45,18826,,45,0.9407730597461879,0.07144374800807395,894.0,17469.0,12.0,451.0,0.9754063529161797,0.9867549668874173,0.6646840148698885,0.7943136383829409,0.7111040407254215,0.9954880806330569,0.9594436914655068,0.8319987776425983,0.9993135404153081,0.0006864595846919513,0.3353159851301115,0.7990568105533086,0.01232417207211256,0.48,18.04,18.52
46,16888,,46,0.9407730597461879,0.11061108479393653,889.0,14996.0,24.0,979.0,0.9406087162482236,0.9737130339539978,0.4759100642398287,0.6393383674937073,0.530113297555158,0.9910185063740851,0.9349702393487461,0.7371560973662525,0.9984021304926765,0.0015978695073235686,0.5240899357601713,0.657857561295863,0.022978847846388817,0.96,39.160000000000004,40.12
47,17,una sola clase,,,,,,,,,,,,,,,,,,,,,,,
48,2,una sola clase,,,,,,,,,,,,,,,,,,,,,,,
49,11,una sola clase,,,,,,,,,,,,,,,,,,,,,,,
50,2,una sola clase,,,,,,,,,,,,,,,,,,,,,,,
51,2,una sola clase,,,,,,,,,,,,,,,,,,,,,,,
52,4,una sola clase,,,,,,,,,,,,,,,,,,,,,,,
53,3627,,53,0.9407730597461879,0.11855527984560242,243.0,3191.0,6.0,187.0,0.9467879790460436,0.9759036144578314,0.5651162790697675,0.7157584683357879,0.617064499746064,0.993390606018724,0.9488849747291476,0.7816197598038859,0.9981232405380044,0.001876759461995621,0.43488372093023253,0.720060800870087,0.025522083044052124,0.24,7.48,7.72
54,7,una sola clase,,,,,,,,,,,,,,,,,,,,,,,
55,2,una sola clase,,,,,,,,,,,,,,,,,,,,,,,
56,1,una sola clase,,,,,,,,,,,,,,,,,,,,,,,
57,3,una sola clase,,,,,,,,,,,,,,,,,,,,,,,
58,9,una sola clase,,,,,,,,,,,,,,,,,,,,,,,
59,5,una sola clase,,,,,,,,,,,,,,,,,,,,,,,
60,403,una sola clase,,,,,,,,,,,,,,,,,,,,,,,
61,86,una sola clase,,,,,,,,,,,,,,,,,,,,,,,
62,26,una sola clase,,,,,,,,,,,,,,,,,,,,,,,
63,116,una sola clase,,,,,,,,,,,,,,,,,,,,,,,
64,5,una sola clase,,,,,,,,,,,,,,,,,,,,,,,
65,74,una sola clase,,,,,,,,,,,,,,,,,,,,,,,
66,150,una sola clase,,,,,,,,,,,,,,,,,,,,,,,
67,38,una sola clase,,,,,,,,,,,,,,,,,,,,,,,
68,382,una sola clase,,,,,,,,,,,,,,,,,,,,,,,
69,348,una sola clase,,,,,,,,,,,,,,,,,,,,,,,
70,1,una sola clase,,,,,,,,,,,,,,,,,,,,,,,
71,6,una sola clase,,,,,,,,,,,,,,,,,,,,,,,
72,134,una sola clase,,,,,,,,,,,,,,,,,,,,,,,
73,57,una sola clase,,,,,,,,,,,,,,,,,,,,,,,
74,10,una sola clase,,,,,,,,,,,,,,,,,,,,,,,
75,413,una sola clase,,,,,,,,,,,,,,,,,,,,,,,
76,38,una sola clase,,,,,,,,,,,,,,,,,,,,,,,
77,1,una sola clase,,,,,,,,,,,,,,,,,,,,,,,
78,2,una sola clase,,,,,,,,,,,,,,,,,,,,,,,
79,1,una sola clase,,,,,,,,,,,,,,,,,,,,,,,
80,2,una sola clase,,,,,,,,,,,,,,,,,,,,,,,
81,126,una sola clase,,,,,,,,,,,,,,,,,,,,,,,
82,2,una sola clase,,,,,,,,,,,,,,,,,,,,,,,
83,1,una sola clase,,,,,,,,,,,,,,,,,,,,,,,
84,37,una sola clase,,,,,,,,,,,,,,,,,,,,,,,
85,88,una sola clase,,,,,,,,,,,,,,,,,,,,,,,
86,2,una sola clase,,,,,,,,,,,,,,,,,,,,,,,
87,3,una sola clase,,,,,,,,,,,,,,,,,,,,,,,
88,59,una sola clase,,,,,,,,,,,,,,,,,,,,,,,
89,11,una sola clase,,,,,,,,,,,,,,,,,,,,,,,
90,16,una sola clase,,,,,,,,,,,,,,,,,,,,,,,
91,1,una sola clase,,,,,,,,,,,,,,,,,,,,,,,
92,2,una sola clase,,,,,,,,,,,,,,,,,,,,,,,
93,3293,,93,0.9407730597461879,0.0030367446097783178,1.0,3281.0,2.0,9.0,0.9966595809292439,0.3333333333333333,0.1,0.15384615384615385,0.11627906976744186,0.9772159610112702,0.23233216059275336,0.549695400548279,0.999390801096558,0.0006091989034419738,0.9,0.18126879848099214,0.008164558559656143,0.08,0.36,0.44
94,10462,,94,0.9407730597461879,0.00019116803670426305,2.0,10456.0,4.0,0.0,0.9996176639265915,0.3333333333333333,1.0,0.5,0.7142857142857143,0.9996653919694072,0.29166666666666663,0.9998087954110899,0.9996175908221797,0.0003824091778202677,0.0,0.5772398666129993,0.004815306514501572,0.16,0.0,0.16
95,420,una sola clase,,,,,,,,,,,,,,,,,,,,,,,
96,1,una sola clase,,,,,,,,,,,,,,,,,,,,,,,
97,1,una sola clase,,,,,,,,,,,,,,,,,,,,,,,
98,5,una sola clase,,,,,,,,,,,,,,,,,,,,,,,
99,1,una sola clase,,,,,,,,,,,,,,,,,,,,,,,
100,6,una sola clase,,,,,,,,,,,,,,,,,,,,,,,
101,16602,,101,0.9407730597461879,0.0004216359474762077,0.0,16595.0,0.0,7.0,0.9995783640525238,0.0,0.0,0.0,0.0,0.9981319674600784,0.45289685252091266,0.5,1.0,0.0,1.0,0.0,0.0003690779267344624,0.0,0.28,0.28
102,27338,,102,0.9407730597461879,7.315824127587973e-05,0.0,27336.0,0.0,2.0,0.9999268417587241,0.0,0.0,0.0,0.0,1.0,1.0,0.5,1.0,0.0,1.0,0.0,4.588507363223471e-05,0.0,0.08,0.08
103,6908,,103,0.9407730597461879,0.0021713954834973945,4.0,6891.0,2.0,11.0,0.9981181239143022,0.6666666666666666,0.26666666666666666,0.38095238095238093,0.30303030303030304,0.9937231007302094,0.38565243808490846,0.6331882586198558,0.9997098505730451,0.0002901494269548818,0.7333333333333333,0.42090356337794926,0.0064212726429104805,0.08,0.44,0.52
104,3,una sola clase,,,,,,,,,,,,,,,,,,,,,,,
105,13,una sola clase,,,,,,,,,,,,,,,,,,,,,,,
106,1363,una sola clase,,,,,,,,,,,,,,,,,,,,,,,
107,18631,,107,0.9407730597461879,0.0001610219526595459,0.0,18627.0,1.0,3.0,0.9997853040631206,0.0,0.0,0.0,0.0,0.9970116670245509,0.061801881246325685,0.49997315868584924,0.9999463173716985,5.368262830148164e-05,1.0,-9.297604863730435e-05,0.0008827284327708185,0.04,0.12,0.16
108,27435,,108,0.9407730597461879,3.644979041370512e-05,0.0,27434.0,0.0,1.0,0.9999635502095863,0.0,0.0,0.0,0.0,0.9943865276663993,0.0064516129032258064,0.5,1.0,0.0,1.0,0.0,4.1365758079336956e-05,0.0,0.04,0.04
109,22002,,109,0.9407730597461879,4.545041359876375e-05,0.0,22000.0,1.0,1.0,0.9999090991728025,0.0,0.0,0.0,0.0,0.9977728285077951,0.02,0.4999772737602836,0.9999545475205672,4.545247943275306e-05,1.0,-4.545247943275306e-05,0.00023496182984672487,0.04,0.04,0.08
110,4424,,110,0.9407730597461879,0.0002260397830018083,0.0,4423.0,0.0,1.0,0.9997739602169982,0.0,0.0,0.0,0.0,0.9972869093375537,0.07692307692307693,0.5,1.0,0.0,1.0,0.0,0.0016834019916132092,0.0,0.04,0.04
111,84,,111,0.9407730597461879,0.10714285714285714,5.0,74.0,1.0,4.0,0.9404761904761905,0.8333333333333334,0.5555555555555556,0.6666666666666666,0.5952380952380952,0.9792592592592593,0.8355650522317188,0.7711111111111111,0.9866666666666667,0.013333333333333334,0.4444444444444444,0.651187825474021,0.06592036783695221,0.04,0.16,0.2
112,57,una sola clase,,,,,,,,,,,,,,,,,,,,,,,
113,1528,una sola clase,,,,,,,,,,,,,,,,,,,,,,,
114,20588,,114,0.9407730597461879,4.857198367981349e-05,0.0,20587.0,0.0,1.0,0.9999514280163202,0.0,0.0,0.0,0.0,0.9996114052557439,0.1111111111111111,0.5,1.0,0.0,1.0,0.0,0.00010073856537928805,0.0,0.04,0.04
115,25609,una sola clase,,,,,,,,,,,,,,,,,,,,,,,
116,27483,,116,0.9407730597461879,7.277225921478732e-05,0.0,27481.0,0.0,2.0,0.9999272277407852,0.0,0.0,0.0,0.0,0.9997270841672429,0.19642857142857142,0.5,1.0,0.0,1.0,0.0,6.77569696563296e-05,0.0,0.08,0.08
117,27486,,117,0.9407730597461879,0.0003638215818962381,0.0,27476.0,0.0,10.0,0.9996361784181038,0.0,0.0,0.0,0.0,0.8479545785412723,0.2672573687620812,0.5,1.0,0.0,1.0,0.0,0.00032185064628720284,0.0,0.4,0.4
118,8128,,118,0.9407730597461879,0.00036909448818897637,0.0,8125.0,0.0,3.0,0.999630905511811,0.0,0.0,0.0,0.0,0.9952,0.04672364672364672,0.5,1.0,0.0,1.0,0.0,0.0006967881345190108,0.0,0.12,0.12
119,39,una sola clase,,,,,,,,,,,,,,,,,,,,,,,
120,2,una sola clase,,,,,,,,,,,,,,,,,,,,,,,
121,14375,,121,0.9407730597461879,0.03749565217391304,273.0,13812.0,24.0,266.0,0.9798260869565217,0.9191919191919192,0.5064935064935064,0.65311004784689,0.556461475743987,0.99575735048415,0.8883377085297625,0.752379450558115,0.9982653946227233,0.0017346053772766695,0.4935064935064935,0.6741164737751796,0.013886678032577038,0.96,10.64,11.6
122,26009,,122,0.9407730597461879,0.004383098158329809,76.0,25883.0,12.0,38.0,0.9980775885270483,0.8636363636363636,0.6666666666666666,0.7524752475247525,0.6985294117647058,0.9994959400819098,0.9030145986525885,0.8331016283709853,0.9995365900753042,0.0004634099246958872,0.3333333333333333,0.7578790859374571,0.0030035071540623903,0.48,1.52,2.0
123,9739,,123,0.9407730597461879,0.0003080398398192833,1.0,9736.0,0.0,2.0,0.9997946401067871,1.0,0.3333333333333333,0.5,0.38461538461538464,0.9999657628047111,0.9166666666666665,0.6666666666666666,1.0,0.0,0.6666666666666666,0.577290977762595,0.0009961921023204923,0.0,0.08,0.08
124,13525,,124,0.9407730597461879,0.0003696857670979667,0.0,13520.0,0.0,5.0,0.999630314232902,0.0,0.0,0.0,0.0,0.9990384615384615,0.4446843853820598,0.5,1.0,0.0,1.0,0.0,0.0004350043600425124,0.0,0.2,0.2
125,27477,una sola clase,,,,,,,,,,,,,,,,,,,,,,,
126,27436,una sola clase,,,,,,,,,,,,,,,,,,,,,,,
127,27441,una sola clase,,,,,,,,,,,,,,,,,,,,,,,
128,27434,,128,0.9407730597461879,3.6451119049354813e-05,0.0,27433.0,0.0,1.0,0.9999635488809506,0.0,0.0,0.0,0.0,1.0,1.0,0.5,1.0,0.0,1.0,0.0,3.013174318766687e-05,0.0,0.04,0.04
129,9350,una sola clase,,,,,,,,,,,,,,,,,,,,,,,
130,5,una sola clase,,,,,,,,,,,,,,,,,,,,,,,
131,1,una sola clase,,,,,,,,,,,,,,,,,,,,,,,
132,201,,132,0.9407730597461879,0.3582089552238806,35.0,129.0,0.0,37.0,0.8159203980099502,1.0,0.4861111111111111,0.6542056074766355,0.541795665634675,0.9928940568475453,0.987829490532136,0.7430555555555556,1.0,0.0,0.5138888888888888,0.614622684398084,0.04058936610817909,0.0,1.48,1.48
133,13507,,133,0.9407730597461879,0.028873917228103944,222.0,13106.0,11.0,168.0,0.9867476123491523,0.9527896995708155,0.5692307692307692,0.7126805778491172,0.6190741773563859,0.9971700455271394,0.9178737352196783,0.7841960814210567,0.999161393611344,0.0008386063886559427,0.4307692307692308,0.7310023560961068,0.010086960159242153,0.44,6.72,7.16
134,26968,,134,0.9407730597461879,0.00011124295461287452,3.0,26965.0,0.0,0.0,1.0,1.0,1.0,1.0,1.0,1.0,1.0,1.0,1.0,0.0,0.0,1.0,0.00017256689898204058,0.0,0.0,0.0
135,13868,,135,0.9407730597461879,0.0018027112777617537,3.0,13843.0,0.0,22.0,0.9984136140755696,1.0,0.12,0.21428571428571427,0.14563106796116504,0.998061113920393,0.5247793408461089,0.56,1.0,0.0,0.88,0.34613522285242576,0.0021481162402778864,0.0,0.88,0.88
136,3091,,136,0.9407730597461879,0.0009705596894208993,2.0,3088.0,0.0,1.0,0.9996764801035264,1.0,0.6666666666666666,0.8,0.7142857142857143,0.9992443868739206,0.7666666666666666,0.8333333333333333,1.0,0.0,0.3333333333333333,0.8163644082711049,0.001250536646693945,0.0,0.04,0.04
137,8040,una sola clase,,,,,,,,,,,,,,,,,,,,,,,
138,16380,una sola clase,,,,,,,,,,,,,,,,,,,,,,,
139,26831,una sola clase,,,,,,,,,,,,,,,,,,,,,,,
140,27476,una sola clase,,,,,,,,,,,,,,,,,,,,,,,
141,27409,una sola clase,,,,,,,,,,,,,,,,,,,,,,,
142,27340,una sola clase,,,,,,,,,,,,,,,,,,,,,,,
143,27340,una sola clase,,,,,,,,,,,,,,,,,,,,,,,
144,25104,,144,0.9407730597461879,7.966857871255577e-05,0.0,25102.0,0.0,2.0,0.9999203314212874,0.0,0.0,0.0,0.0,0.9994024380527448,0.15948275862068967,0.5,1.0,0.0,1.0,0.0,0.00010291039507137612,0.0,0.08,0.08
145,5111,,145,0.9407730597461879,0.0003913128546272745,0.0,5109.0,0.0,2.0,0.9996086871453728,0.0,0.0,0.0,0.0,0.9908005480524565,0.030086580086580085,0.5,1.0,0.0,1.0,0.0,0.0005525088054127991,0.0,0.08,0.08
146,5246,,146,0.9407730597461879,0.00819672131147541,3.0,5202.0,1.0,40.0,0.9921845215402211,0.75,0.06976744186046512,0.1276595744680851,0.08522727272727272,0.997179623562435,0.7005679532658445,0.5347876225254661,0.999807803190467,0.00019219680953296174,0.9302325581395349,0.22726752448000617,0.005933399312198162,0.04,1.6,1.6400000000000001
147,8869,,147,0.9407730597461879,0.0029315593640771224,7.0,8843.0,0.0,19.0,0.997857706618559,1.0,0.2692307692307692,0.42424242424242425,0.3153153153153153,0.9945937247192477,0.4900969735584785,0.6346153846153846,1.0,0.0,0.7307692307692307,0.5183179934656184,0.0028283263090997934,0.0,0.76,0.76
148,14430,,148,0.9407730597461879,0.007137907137907138,17.0,14318.0,9.0,86.0,0.9934164934164934,0.6538461538461539,0.1650485436893204,0.26356589147286824,0.19406392694063926,0.9953458775982073,0.5626365284165317,0.5822101795713301,0.9993718154533399,0.0006281845466601522,0.8349514563106796,0.3263800502577989,0.0057542589493095875,0.36,3.44,3.8000000000000003
149,24148,,149,0.9407730597461879,0.0012009276130528408,4.0,24117.0,2.0,25.0,0.9988818949809508,0.6666666666666666,0.13793103448275862,0.22857142857142856,0.16393442622950818,0.9967989180085524,0.27286708129409387,0.5689240561526111,0.9999170778224636,8.292217753638211e-05,0.8620689655172413,0.3029125192869062,0.0017640345031395555,0.08,1.0,1.08
150,27499,una sola clase,,,,,,,,,,,,,,,,,,,,,,,
151,27490,una sola clase,,,,,,,,,,,,,,,,,,,,,,,
152,27486,una sola clase,,,,,,,,,,,,,,,,,,,,,,,
153,27451,una sola clase,,,,,,,,,,,,,,,,,,,,,,,
154,27453,una sola clase,,,,,,,,,,,,,,,,,,,,,,,
155,27460,,155,0.9407730597461879,3.641660597232338e-05,0.0,27459.0,0.0,1.0,0.9999635833940277,0.0,0.0,0.0,0.0,1.0,1.0,0.5,1.0,0.0,1.0,0.0,2.544373637647368e-05,0.0,0.04,0.04
156,27406,,156,0.9407730597461879,7.297672042618404e-05,0.0,27404.0,0.0,2.0,0.9999270232795738,0.0,0.0,0.0,0.0,0.9998722814187709,0.30952380952380953,0.5,1.0,0.0,1.0,0.0,6.347891030600294e-05,0.0,0.08,0.08
157,5805,,157,0.9407730597461879,0.0001722652885443583,0.0,5804.0,0.0,1.0,0.9998277347114557,0.0,0.0,0.0,0.0,0.9955203308063404,0.037037037037037035,0.5,1.0,0.0,1.0,0.0,0.0004050900461152196,0.0,0.04,0.04
158,1,una sola clase,,,,,,,,,,,,,,,,,,,,,,,
159,11381,,159,0.9407730597461879,0.006238467621474387,3.0,11310.0,0.0,68.0,0.9940251296019682,1.0,0.04225352112676056,0.08108108108108109,0.05226480836236934,0.9953350518673492,0.6255253610787928,0.5211267605633803,1.0,0.0,0.9577464788732394,0.2049414434638525,0.0038603744469583035,0.0,2.72,2.72
160,27492,,160,0.9407730597461879,3.637421795431398e-05,0.0,27491.0,0.0,1.0,0.9999636257820457,0.0,0.0,0.0,0.0,1.0,1.0,0.5,1.0,0.0,1.0,0.0,1.9152628738083877e-05,0.0,0.04,0.04
161,27495,una sola clase,,,,,,,,,,,,,,,,,,,,,,,
162,27482,una sola clase,,,,,,,,,,,,,,,,,,,,,,,
163,27475,una sola clase,,,,,,,,,,,,,,,,,,,,,,,
164,27446,una sola clase,,,,,,,,,,,,,,,,,,,,,,,
165,27429,,165,0.9407730597461879,3.6457763680775823e-05,0.0,27428.0,0.0,1.0,0.9999635422363192,0.0,0.0,0.0,0.0,0.9994531136065334,0.0625,0.5,1.0,0.0,1.0,0.0,3.739139356184751e-05,0.0,0.04,0.04
166,27489,una sola clase,,,,,,,,,,,,,,,,,,,,,,,
167,20112,,167,0.9407730597461879,0.0001988862370723946,0.0,20108.0,0.0,4.0,0.9998011137629276,0.0,0.0,0.0,0.0,0.9992913268350905,0.17796199826354103,0.5,1.0,0.0,1.0,0.0,0.0002153109962819144,0.0,0.16,0.16
168,1921,,168,0.9407730597461879,0.004164497657470068,0.0,1912.0,1.0,8.0,0.9953149401353462,0.0,0.0,0.0,0.0,0.9911134343962362,0.2539524233628007,0.4997386304234187,0.9994772608468374,0.0005227391531625719,1.0,-0.0014758319026379832,0.00540588516741991,0.04,0.32,0.36
169,23170,,169,0.9407730597461879,0.0006473888649115235,0.0,23155.0,0.0,15.0,0.9993526111350884,0.0,0.0,0.0,0.0,0.9993665874901029,0.47015836346427503,0.5,1.0,0.0,1.0,0.0,0.00046321385889314115,0.0,0.6,0.6
170,27489,una sola clase,,,,,,,,,,,,,,,,,,,,,,,
171,27483,una sola clase,,,,,,,,,,,,,,,,,,,,,,,
172,27491,una sola clase,,,,,,,,,,,,,,,,,,,,,,,
173,27461,una sola clase,,,,,,,,,,,,,,,,,,,,,,,
174,27465,una sola clase,,,,,,,,,,,,,,,,,,,,,,,
175,27478,,175,0.9407730597461879,3.6392750564087634e-05,0.0,27477.0,0.0,1.0,0.9999636072494359,0.0,0.0,0.0,0.0,1.0,1.0,0.5,1.0,0.0,1.0,0.0,2.2988779164734297e-05,0.0,0.04,0.04
176,26222,,176,0.9407730597461879,3.813591640607124e-05,0.0,26221.0,0.0,1.0,0.9999618640835939,0.0,0.0,0.0,0.0,0.9996186262919035,0.09090909090909091,0.5,1.0,0.0,1.0,0.0,5.549050911213271e-05,0.0,0.04,0.04
177,3469,una sola clase,,,,,,,,,,,,,,,,,,,,,,,
178,180,una sola clase,,,,,,,,,,,,,,,,,,,,,,,
179,594,,179,0.9407730597461879,0.006734006734006734,0.0,590.0,0.0,4.0,0.9932659932659933,0.0,0.0,0.0,0.0,0.9563559322033898,0.09570135746606336,0.5,1.0,0.0,1.0,0.0,0.008144460618495941,0.0,0.16,0.16
180,23272,,180,0.9407730597461879,0.0007304915778618082,0.0,23255.0,0.0,17.0,0.9992695084221382,0.0,0.0,0.0,0.0,0.998889549369522,0.49467224015293587,0.5,1.0,0.0,1.0,0.0,0.000557115999981761,0.0,0.68,0.68
181,27497,una sola clase,,,,,,,,,,,,,,,,,,,,,,,
182,27493,una sola clase,,,,,,,,,,,,,,,,,,,,,,,
183,27490,una sola clase,,,,,,,,,,,,,,,,,,,,,,,
184,27472,una sola clase,,,,,,,,,,,,,,,,,,,,,,,
185,27451,una sola clase,,,,,,,,,,,,,,,,,,,,,,,
186,27465,,186,0.9407730597461879,3.640997633351538e-05,0.0,27464.0,0.0,1.0,0.9999635900236665,0.0,0.0,0.0,0.0,0.9999271773958637,0.3333333333333333,0.5,1.0,0.0,1.0,0.0,3.0037877877475694e-05,0.0,0.04,0.04
187,27479,una sola clase,,,,,,,,,,,,,,,,,,,,,,,
188,10466,una sola clase,,,,,,,,,,,,,,,,,,,,,,,
189,6,una sola clase,,,,,,,,,,,,,,,,,,,,,,,
190,3131,,190,0.9407730597461879,0.0015969338869370809,0.0,3126.0,0.0,5.0,0.998403066113063,0.0,0.0,0.0,0.0,0.9984644913627639,0.5442857142857143,0.5,1.0,0.0,1.0,0.0,0.0014070080360397696,0.0,0.2,0.2
191,27499,una sola clase,,,,,,,,,,,,,,,,,,,,,,,
192,27489,,192,0.9407730597461879,3.637818763869184e-05,0.0,27488.0,0.0,1.0,0.9999636218123613,0.0,0.0,0.0,0.0,1.0,1.0,0.5,1.0,0.0,1.0,0.0,2.167534694308415e-05,0.0,0.04,0.04
193,27469,una sola clase,,,,,,,,,,,,,,,,,,,,,,,
194,27479,una sola clase,,,,,,,,,,,,,,,,,,,,,,,
195,27486,,195,0.9407730597461879,3.6382158189623806e-05,0.0,27485.0,0.0,1.0,0.9999636178418104,0.0,0.0,0.0,0.0,1.0,1.0,0.5,1.0,0.0,1.0,0.0,2.3316415536100976e-05,0.0,0.04,0.04
196,27489,,196,0.9407730597461879,7.275637527738368e-05,0.0,27487.0,0.0,2.0,0.9999272436247226,0.0,0.0,0.0,0.0,0.9997635245752537,0.3214285714285714,0.5,1.0,0.0,1.0,0.0,6.661581574007869e-05,0.0,0.08,0.08
197,27463,una sola clase,,,,,,,,,,,,,,,,,,,,,,,
198,11398,,198,0.9407730597461879,8.773469029654326e-05,0.0,11397.0,0.0,1.0,0.9999122653097035,0.0,0.0,0.0,0.0,0.994472229534088,0.015625,0.5,1.0,0.0,1.0,0.0,0.00026866886764764786,0.0,0.04,0.04
199,869,,199,0.9407730597461879,0.0011507479861910242,0.0,868.0,0.0,1.0,0.998849252013809,0.0,0.0,0.0,0.0,0.988479262672811,0.09090909090909091,0.5,1.0,0.0,1.0,0.0,0.002740509808063507,0.0,0.04,0.04
200,26514,,200,0.9407730597461879,0.00011314777098891151,0.0,26511.0,0.0,3.0,0.9998868522290111,0.0,0.0,0.0,0.0,0.9993084631536595,0.11759259259259258,0.5,1.0,0.0,1.0,0.0,0.00013186292198952287,0.0,0.12,0.12
201,27495,una sola clase,,,,,,,,,,,,,,,,,,,,,,,
202,27345,una sola clase,,,,,,,,,,,,,,,,,,,,,,,
203,27409,una sola clase,,,,,,,,,,,,,,,,,,,,,,,
204,27476,una sola clase,,,,,,,,,,,,,,,,,,,,,,,
205,27472,una sola clase,,,,,,,,,,,,,,,,,,,,,,,
206,27484,una sola clase,,,,,,,,,,,,,,,,,,,,,,,
207,12257,,207,0.9407730597461879,0.0003263441298849637,0.0,12253.0,0.0,4.0,0.999673655870115,0.0,0.0,0.0,0.0,0.9949808210234229,0.03852901484480432,0.5,1.0,0.0,1.0,0.0,0.0005533917574211955,0.0,0.16,0.16
208,476,,208,0.9407730597461879,0.008403361344537815,0.0,472.0,0.0,4.0,0.9915966386554622,0.0,0.0,0.0,0.0,0.9899364406779662,0.7329545454545454,0.5,1.0,0.0,1.0,0.0,0.006096719764173031,0.0,0.16,0.16
209,24847,,209,0.9407730597461879,0.0010464039924336943,0.0,24821.0,0.0,26.0,0.9989535960075663,0.0,0.0,0.0,0.0,0.9978197741986469,0.22613588782250307,0.5,1.0,0.0,1.0,0.0,0.0009408701444044709,0.0,1.04,1.04
210,27492,una sola clase,,,,,,,,,,,,,,,,,,,,,,,
211,27420,una sola clase,,,,,,,,,,,,,,,,,,,,,,,
212,27479,una sola clase,,,,,,,,,,,,,,,,,,,,,,,
213,27483,una sola clase,,,,,,,,,,,,,,,,,,,,,,,
214,27461,,214,0.9407730597461879,3.641527985142566e-05,0.0,27460.0,0.0,1.0,0.9999635847201486,0.0,0.0,0.0,0.0,0.9999635833940277,0.5,0.5,1.0,0.0,1.0,0.0,2.8032132831867784e-05,0.0,0.04,0.04
215,27480,una sola clase,,,,,,,,,,,,,,,,,,,,,,,
216,17947,,216,0.9407730597461879,5.571961887780688e-05,0.0,17946.0,0.0,1.0,0.9999442803811222,0.0,0.0,0.0,0.0,0.9982168728407445,0.030303030303030304,0.5,1.0,0.0,1.0,0.0,6.883718015160412e-05,0.0,0.04,0.04
217,650,una sola clase,,,,,,,,,,,,,,,,,,,,,,,
218,6493,,218,0.9407730597461879,0.0007700600646850454,0.0,6488.0,0.0,5.0,0.999229939935315,0.0,0.0,0.0,0.0,0.9932799013563501,0.28933812113288554,0.5,1.0,0.0,1.0,0.0,0.0008509562467224896,0.0,0.2,0.2
219,22911,,219,0.9407730597461879,0.00039282440748985203,0.0,22902.0,0.0,9.0,0.9996071755925101,0.0,0.0,0.0,0.0,0.9989083922801502,0.20618632847967977,0.5,1.0,0.0,1.0,0.0,0.0003661137889139354,0.0,0.36,0.36
220,27494,una sola clase,,,,,,,,,,,,,,,,,,,,,,,
221,27477,una sola clase,,,,,,,,,,,,,,,,,,,,,,,
222,27403,una sola clase,,,,,,,,,,,,,,,,,,,,,,,
223,27487,una sola clase,,,,,,,,,,,,,,,,,,,,,,,
224,27451,una sola clase,,,,,,,,,,,,,,,,,,,,,,,
225,27487,,225,0.9407730597461879,7.276166915269036e-05,0.0,27485.0,0.0,2.0,0.9999272383308473,0.0,0.0,0.0,0.0,0.9993178097143897,0.19298245614035087,0.5,1.0,0.0,1.0,0.0,6.768152525182813e-05,0.0,0.08,0.08
226,20842,,226,0.9407730597461879,0.0002878802418194031,0.0,20836.0,0.0,6.0,0.9997121197581806,0.0,0.0,0.0,0.0,0.9988801433416522,0.16527358806770573,0.5,1.0,0.0,1.0,0.0,0.00032092526089400053,0.0,0.24,0.24
227,3101,,227,0.9407730597461879,0.0006449532408900354,0.0,3099.0,0.0,2.0,0.9993550467591099,0.0,0.0,0.0,0.0,0.999838657631494,0.8333333333333333,0.5,1.0,0.0,1.0,0.0,0.000748045917134732,0.0,0.08,0.08
228,2457,,228,0.9407730597461879,0.002849002849002849,0.0,2450.0,0.0,7.0,0.9971509971509972,0.0,0.0,0.0,0.0,0.9850145772594753,0.16306655071731918,0.5,1.0,0.0,1.0,0.0,0.0035384760703891516,0.0,0.28,0.28
229,23177,,229,0.9407730597461879,0.0008197782284161022,0.0,23158.0,0.0,19.0,0.9991802217715839,0.0,0.0,0.0,0.0,0.9979659183367349,0.2316353785076319,0.5,1.0,0.0,1.0,0.0,0.000713942339643836,0.0,0.76,0.76
230,27498,una sola clase,,,,,,,,,,,,,,,,,,,,,,,
231,27494,una sola clase,,,,,,,,,,,,,,,,,,,,,,,
232,27479,una sola clase,,,,,,,,,,,,,,,,,,,,,,,
233,27463,una sola clase,,,,,,,,,,,,,,,,,,,,,,,
234,27487,una sola clase,,,,,,,,,,,,,,,,,,,,,,,
235,27489,una sola clase,,,,,,,,,,,,,,,,,,,,,,,
236,18488,,236,0.9407730597461879,0.00027044569450454346,0.0,18483.0,0.0,5.0,0.9997295543054955,0.0,0.0,0.0,0.0,0.9981063680138506,0.620032840722496,0.5,1.0,0.0,1.0,0.0,0.00022673606872558594,0.0,0.2,0.2
237,4,una sola clase,,,,,,,,,,,,,,,,,,,,,,,
238,1,una sola clase,,,,,,,,,,,,,,,,,,,,,,,
239,1,una sola clase,,,,,,,,,,,,,,,,,,,,,,,
240,275,,240,0.9407730597461879,0.014545454545454545,2.0,270.0,1.0,2.0,0.9890909090909091,0.6666666666666666,0.5,0.5714285714285714,0.5263157894736842,0.9935424354243543,0.5845238095238094,0.7481549815498155,0.996309963099631,0.0036900369003690036,0.5,0.5720349384164568,0.01270042173564434,0.04,0.08,0.12
241,1285,,241,0.9407730597461879,0.0015564202334630351,0.0,1283.0,0.0,2.0,0.998443579766537,0.0,0.0,0.0,0.0,0.9879189399844115,0.1989247311827957,0.5,1.0,0.0,1.0,0.0,0.001924651674926281,0.0,0.08,0.08
242,24660,,242,0.9407730597461879,0.000689375506893755,1.0,24643.0,0.0,16.0,0.9993511759935118,1.0,0.058823529411764705,0.1111111111111111,0.07246376811594203,0.9989329985128816,0.3079891454701869,0.5294117647058824,1.0,0.0,0.9411764705882353,0.2424569276097919,0.0008147299522534013,0.0,0.64,0.64
243,26783,,243,0.9407730597461879,7.46742336556771e-05,0.0,26781.0,0.0,2.0,0.9999253257663443,0.0,0.0,0.0,0.0,0.9992905418020238,0.07261904761904761,0.5,1.0,0.0,1.0,0.0,0.00012525057536549866,0.0,0.08,0.08
244,27500,una sola clase,,,,,,,,,,,,,,,,,,,,,,,
245,27476,una sola clase,,,,,,,,,,,,,,,,,,,,,,,
246,27474,una sola clase,,,,,,,,,,,,,,,,,,,,,,,
247,27437,una sola clase,,,,,,,,,,,,,,,,,,,,,,,
248,27445,una sola clase,,,,,,,,,,,,,,,,,,,,,,,
249,27497,una sola clase,,,,,,,,,,,,,,,,,,,,,,,
250,12066,,250,0.9407730597461879,0.0004143875352229405,0.0,12061.0,0.0,5.0,0.9995856124647771,0.0,0.0,0.0,0.0,0.9990879694884337,0.20342712842712846,0.5,1.0,0.0,1.0,0.0,0.0004594859783537686,0.0,0.2,0.2
251,2,una sola clase,,,,,,,,,,,,,,,,,,,,,,,
252,14,una sola clase,,,,,,,,,,,,,,,,,,,,,,,
253,953,,253,0.9407730597461879,0.26652675760755506,85.0,695.0,4.0,169.0,0.8184679958027282,0.9550561797752809,0.3346456692913386,0.4956268221574344,0.38461538461538464,0.9116623297624279,0.8189801020451883,0.6644616043166278,0.994277539341917,0.005722460658082976,0.6653543307086615,0.49980211519259,0.11556500941514969,0.16,6.76,6.92
254,15634,,254,0.9407730597461879,0.010809773570423436,27.0,15462.0,3.0,142.0,0.9907253422028911,0.9,0.15976331360946747,0.271356783919598,0.19121813031161472,0.9927785015601176,0.7415880311637104,0.5797846635942584,0.9998060135790494,0.00019398642095053346,0.8402366863905325,0.3770414788561046,0.005346156656742096,0.12,5.68,5.8
255,24520,,255,0.9407730597461879,0.00024469820554649265,0.0,24514.0,0.0,6.0,0.9997553017944535,0.0,0.0,0.0,0.0,0.9986946234804602,0.2967484008528785,0.5,1.0,0.0,1.0,0.0,0.0002706643135752529,0.0,0.24,0.24
256,27500,una sola clase,,,,,,,,,,,,,,,,,,,,,,,
257,27439,una sola clase,,,,,,,,,,,,,,,,,,,,,,,
258,27485,una sola clase,,,,,,,,,,,,,,,,,,,,,,,
259,27476,una sola clase,,,,,,,,,,,,,,,,,,,,,,,
260,27462,una sola clase,,,,,,,,,,,,,,,,,,,,,,,
261,27475,una sola clase,,,,,,,,,,,,,,,,,,,,,,,
262,27373,,262,0.9407730597461879,7.306469879077923e-05,0.0,27371.0,0.0,2.0,0.9999269353012092,0.0,0.0,0.0,0.0,0.9999634649811844,0.5833333333333333,0.5,1.0,0.0,1.0,0.0,4.769050428876653e-05,0.0,0.08,0.08
263,10740,,263,0.9407730597461879,0.0005586592178770949,0.0,10734.0,0.0,6.0,0.9994413407821229,0.0,0.0,0.0,0.0,0.9961493074964288,0.28927726557467076,0.5,1.0,0.0,1.0,0.0,0.0012416793033480644,0.0,0.24,0.24
264,7,una sola clase,,,,,,,,,,,,,,,,,,,,,,,
265,3,una sola clase,,,,,,,,,,,,,,,,,,,,,,,
266,9,una sola clase,,,,,,,,,,,,,,,,,,,,,,,
267,229,una sola clase,,,,,,,,,,,,,,,,,,,,,,,
268,3740,,268,0.9407730597461879,0.0005347593582887701,0.0,3738.0,0.0,2.0,0.9994652406417113,0.0,0.0,0.0,0.0,0.9945157838416265,0.07941176470588235,0.5,1.0,0.0,1.0,0.0,0.0012195392046123743,0.0,0.08,0.08
269,21757,una sola clase,,,,,,,,,,,,,,,,,,,,,,,
270,27463,una sola clase,,,,,,,,,,,,,,,,,,,,,,,
271,27480,una sola clase,,,,,,,,,,,,,,,,,,,,,,,
272,27480,una sola clase,,,,,,,,,,,,,,,,,,,,,,,
273,26874,una sola clase,,,,,,,,,,,,,,,,,,,,,,,
274,9690,,274,0.9407730597461879,0.00030959752321981426,0.0,9687.0,0.0,3.0,0.9996904024767802,0.0,0.0,0.0,0.0,0.9968342452083548,0.1551127715511277,0.5,1.0,0.0,1.0,0.0,0.0005695347208529711,0.0,0.12,0.12
275,3062,,275,0.9407730597461879,0.0009797517962116264,0.0,3059.0,0.0,3.0,0.9990202482037883,0.0,0.0,0.0,0.0,0.9843085975809087,0.13375704471594882,0.5,1.0,0.0,1.0,0.0,0.0015013583470135927,0.0,0.12,0.12
276,7871,,276,0.9407730597461879,0.0003811459789099225,0.0,7868.0,0.0,3.0,0.9996188540210901,0.0,0.0,0.0,0.0,0.9972038637519065,0.08258258258258258,0.5,1.0,0.0,1.0,0.0,0.0007131043821573257,0.0,0.12,0.12
277,22627,,277,0.9407730597461879,4.4194988288328104e-05,0.0,22626.0,0.0,1.0,0.9999558050117117,0.0,0.0,0.0,0.0,0.9981879253955627,0.023809523809523808,0.5,1.0,0.0,1.0,0.0,0.00015438803529832512,0.0,0.04,0.04
278,19810,una sola clase,,,,,,,,,,,,,,,,,,,,,,,
279,16004,,279,0.9407730597461879,0.0004373906523369158,0.0,15997.0,0.0,7.0,0.9995626093476631,0.0,0.0,0.0,0.0,0.999357022298824,0.45792589763178,0.5,1.0,0.0,1.0,0.0,0.00033879265538416803,0.0,0.28,0.28
280,12972,,280,0.9407730597461879,0.00023126734505087883,0.0,12969.0,0.0,3.0,0.9997687326549491,0.0,0.0,0.0,0.0,0.9993831444213124,0.54,0.5,1.0,0.0,1.0,0.0,0.00031947329989634454,0.0,0.12,0.12
281,2,una sola clase,,,,,,,,,,,,,,,,,,,,,,,
282,59,una sola clase,,,,,,,,,,,,,,,,,,,,,,,
283,32,una sola clase,,,,,,,,,,,,,,,,,,,,,,,
284,67,una sola clase,,,,,,,,,,,,,,,,,,,,,,,
285,31,una sola clase,,,,,,,,,,,,,,,,,,,,,,,
286,63,una sola clase,,,,,,,,,,,,,,,,,,,,,,,
287,13,una sola clase,,,,,,,,,,,,,,,,,,,,,,,
288,4,una sola clase,,,,,,,,,,,,,,,,,,,,,,,
289,326,una sola clase,,,,,,,,,,,,,,,,,,,,,,,
290,66,una sola clase,,,,,,,,,,,,,,,,,,,,,,,
291,1,una sola clase,,,,,,,,,,,,,,,,,,,,,,,
292,1,una sola clase,,,,,,,,,,,,,,,,,,,,,,,
293,26,una sola clase,,,,,,,,,,,,,,,,,,,,,,,
294,681,una sola clase,,,,,,,,,,,,,,,,,,,,,,,
295,28,una sola clase,,,,,,,,,,,,,,,,,,,,,,,
296,110,una sola clase,,,,,,,,,,,,,,,,,,,,,,,
297,287,una sola clase,,,,,,,,,,,,,,,,,,,,,,,
298,642,una sola clase,,,,,,,,,,,,,,,,,,,,,,,
299,8,una sola clase,,,,,,,,,,,,,,,,,,,,,,,
300,5,una sola clase,,,,,,,,,,,,,,,,,,,,,,,
301,16,una sola clase,,,,,,,,,,,,,,,,,,,,,,,
302,5,una sola clase,,,,,,,,,,,,,,,,,,,,,,,
303,1044,una sola clase,,,,,,,,,,,,,,,,,,,,,,,
304,70,una sola clase,,,,,,,,,,,,,,,,,,,,,,,
305,6,una sola clase,,,,,,,,,,,,,,,,,,,,,,,
306,1,una sola clase,,,,,,,,,,,,,,,,,,,,,,,
307,8,una sola clase,,,,,,,,,,,,,,,,,,,,,,,
