lago,fecha,umbral_ug_L,pixeles_positivos,pixeles_agua,pct_area_afectada,area_afectada_ha,area_agua_total_ha
Amatitlan,2025-01-28,8.0,44,36550,0.12038303693570451,1.76,1462.0
Amatitlan,2025-01-28,20.0,5,36550,0.013679890560875513,0.2,1462.0
Amatitlan,2025-01-28,25.0,0,36550,0.0,0.0,1462.0
Amatitlan,2025-01-28,50.0,0,36550,0.0,0.0,1462.0
Amatitlan,2025-04-15,8.0,739,36185,2.0422827138316983,29.560000000000002,1447.4
Amatitlan,2025-04-15,20.0,3,36185,0.008290728202293767,0.12,1447.4
Amatitlan,2025-04-15,25.0,1,36185,0.002763576067431256,0.04,1447.4
Amatitlan,2025-04-15,50.0,0,36185,0.0,0.0,1447.4
Amatitlan,2025-04-28,8.0,4912,36184,13.575060800353748,196.48000000000002,1447.3600000000001
Amatitlan,2025-04-28,20.0,207,36184,0.5720760557152332,8.28,1447.3600000000001
Amatitlan,2025-04-28,25.0,64,36184,0.17687375635640062,2.56,1447.3600000000001
Amatitlan,2025-04-28,50.0,0,36184,0.0,0.0,1447.3600000000001
Amatitlan,2025-11-24,8.0,1029,36434,2.824285008508536,41.160000000000004,1457.3600000000001
Amatitlan,2025-11-24,20.0,381,36434,1.0457265191853764,15.24,1457.3600000000001
Amatitlan,2025-11-24,25.0,303,36434,0.8316407751001812,12.120000000000001,1457.3600000000001
Amatitlan,2025-11-24,50.0,152,36434,0.4171927320634572,6.08,1457.3600000000001
Amatitlan,2026-01-08,8.0,3484,36668,9.501472673720956,139.36,1466.72
Amatitlan,2026-01-08,20.0,1165,36668,3.1771571942838444,46.6,1466.72
Amatitlan,2026-01-08,25.0,917,36668,2.5008181520671977,36.68,1466.72
Amatitlan,2026-01-08,50.0,383,36668,1.044507472455547,15.32,1466.72
Amatitlan,2026-02-02,8.0,6,36130,0.016606698034874065,0.24,1445.2
Amatitlan,2026-02-02,20.0,0,36130,0.0,0.0,1445.2
Amatitlan,2026-02-02,25.0,0,36130,0.0,0.0,1445.2
Amatitlan,2026-02-02,50.0,0,36130,0.0,0.0,1445.2
Amatitlan,2026-02-07,8.0,35,36561,0.09573042312847023,1.4000000000000001,1462.44
Amatitlan,2026-02-07,20.0,0,36561,0.0,0.0,1462.44
Amatitlan,2026-02-07,25.0,0,36561,0.0,0.0,1462.44
Amatitlan,2026-02-07,50.0,0,36561,0.0,0.0,1462.44
Amatitlan,2026-03-29,8.0,3906,36594,10.673880964092474,156.24,1463.76
Amatitlan,2026-03-29,20.0,1034,36594,2.825599825107941,41.36,1463.76
Amatitlan,2026-03-29,25.0,461,36594,1.2597693610974476,18.44,1463.76
Amatitlan,2026-03-29,50.0,1,36594,0.002732688418866481,0.04,1463.76
Amatitlan,2026-04-13,8.0,5599,36786,15.220464307073343,223.96,1471.44
Amatitlan,2026-04-13,20.0,31,36786,0.08427119012667862,1.24,1471.44
Amatitlan,2026-04-13,25.0,12,36786,0.032621105855488504,0.48,1471.44
Amatitlan,2026-04-13,50.0,0,36786,0.0,0.0,1471.44
Amatitlan,2026-04-28,8.0,15186,34911,43.499183638394776,607.44,1396.44
Amatitlan,2026-04-28,20.0,4237,34911,12.136575864340752,169.48,1396.44
Amatitlan,2026-04-28,25.0,2130,34911,6.101228839047865,85.2,1396.44
Amatitlan,2026-04-28,50.0,0,34911,0.0,0.0,1396.44
Amatitlan,2026-06-19,8.0,23056,36644,62.91889531710512,922.24,1465.76
Amatitlan,2026-06-19,20.0,2705,36644,7.381836044099989,108.2,1465.76
Amatitlan,2026-06-19,25.0,1293,36644,3.5285449186770004,51.72,1465.76
Amatitlan,2026-06-19,50.0,68,36644,0.18556926099770768,2.72,1465.76
Atitlan,2025-01-18,8.0,279,307893,0.09061589578197621,11.16,12315.720000000001
Atitlan,2025-01-18,20.0,10,307893,0.003247881569246459,0.4,12315.720000000001
Atitlan,2025-01-18,25.0,2,307893,0.0006495763138492918,0.08,12315.720000000001
Atitlan,2025-01-18,50.0,0,307893,0.0,0.0,12315.720000000001
Atitlan,2025-04-13,8.0,20,305329,0.006550311303544701,0.8,12213.16
Atitlan,2025-04-13,20.0,0,305329,0.0,0.0,12213.16
Atitlan,2025-04-13,25.0,0,305329,0.0,0.0,12213.16
Atitlan,2025-04-13,50.0,0,305329,0.0,0.0,12213.16
Atitlan,2025-05-13,8.0,23,305290,0.007533820302007927,0.92,12211.6
Atitlan,2025-05-13,20.0,0,305290,0.0,0.0,12211.6
Atitlan,2025-05-13,25.0,0,305290,0.0,0.0,12211.6
Atitlan,2025-05-13,50.0,0,305290,0.0,0.0,12211.6
Atitlan,2025-07-17,8.0,349,298689,0.1168439413570637,13.96,11947.56
Atitlan,2025-07-17,20.0,8,298689,0.0026783711485859874,0.32,11947.56
Atitlan,2025-07-17,25.0,6,298689,0.0020087783614394904,0.24,11947.56
Atitlan,2025-07-17,50.0,4,298689,0.0013391855742929937,0.16,11947.56
Atitlan,2025-11-21,8.0,333,305299,0.1090734001749105,13.32,12211.960000000001
Atitlan,2025-11-21,20.0,14,305299,0.004585668475822063,0.56,12211.960000000001
Atitlan,2025-11-21,25.0,2,305299,0.000655095496546009,0.08,12211.960000000001
Atitlan,2025-11-21,50.0,0,305299,0.0,0.0,12211.960000000001
Atitlan,2025-12-29,8.0,257,309406,0.08306238405202226,10.28,12376.24
Atitlan,2025-12-29,20.0,10,309406,0.003231999379456119,0.4,12376.24
Atitlan,2025-12-29,25.0,1,309406,0.0003231999379456119,0.04,12376.24
Atitlan,2025-12-29,50.0,0,309406,0.0,0.0,12376.24
Atitlan,2026-02-12,8.0,159,306130,0.05193871884493516,6.36,12245.2
Atitlan,2026-02-12,20.0,5,306130,0.0016332930454382125,0.2,12245.2
Atitlan,2026-02-12,25.0,2,306130,0.000653317218175285,0.08,12245.2
Atitlan,2026-02-12,50.0,0,306130,0.0,0.0,12245.2
Atitlan,2026-03-24,8.0,40,305432,0.013096204719872181,1.6,12217.28
Atitlan,2026-03-24,20.0,0,305432,0.0,0.0,12217.28
Atitlan,2026-03-24,25.0,0,305432,0.0,0.0,12217.28
Atitlan,2026-03-24,50.0,0,305432,0.0,0.0,12217.28
Atitlan,2026-04-13,8.0,62,304666,0.0203501539390677,2.48,12186.64
Atitlan,2026-04-13,20.0,0,304666,0.0,0.0,12186.64
Atitlan,2026-04-13,25.0,0,304666,0.0,0.0,12186.64
Atitlan,2026-04-13,50.0,0,304666,0.0,0.0,12186.64
Atitlan,2026-04-28,8.0,23,304625,0.007550266721378744,0.92,12185.0
Atitlan,2026-04-28,20.0,0,304625,0.0,0.0,12185.0
Atitlan,2026-04-28,25.0,0,304625,0.0,0.0,12185.0
Atitlan,2026-04-28,50.0,0,304625,0.0,0.0,12185.0
Atitlan,2026-07-22,8.0,605,304106,0.1989437893366129,24.2,12164.24
Atitlan,2026-07-22,20.0,17,304106,0.005590156064003999,0.68,12164.24
Atitlan,2026-07-22,25.0,1,304106,0.00032883270964729404,0.04,12164.24
Atitlan,2026-07-22,50.0,0,304106,0.0,0.0,12164.24
